<img src=peacock.png />|Peacock
<img src=lion.png />|Lion
<img src=panda.png />|Panda
<img src=frog.png />|Frog
<img src=fox.png />|Fox
<img src=hen.png />|Hen
<img src=bee.png />|Bee
<img src=monkey.png />|Monkey
<img src=rhino.png />|Rhino
<img src=rabbit.png />|Rabbit
<img src=penguin.png />|Penguin
<img src=dog.png />|Dog
<img src=gorilla.png />|Gorilla
<img src=bird.png />|Bird
<img src=elephant.png />|Elephant
<img src=deer.png />|Deer
<img src=apple.png />|Apple
<img src=boy.png />|Boy
<img src=car.jpeg />|Car
<img src=castle.png />|Castle
<img src=screwdriver.png />|Screwdriver
<img src=ship.png />|Ship
<img src=spade.png />|Spade
<img src=house.png />|House
<img src=crane.png />|Crane
<img src=bus.png />|Bus
<img src=girl.jpg />|Girl
<img src=chair.png />|Chair
<img src=phone.jpg />|Phone
<img src=flower.jpg />|Flower
<img src=ladybug.jpg />|Ladybug
<img src=banana.jpeg />|Banana
<img src=book.jpeg />|Book
<img src=bowl.jpeg />|Bowl
<img src=bread.jpeg />|Bread
<img src=cry.jpg />|Cry
<img src=cup.png />|Cup
<img src=door.jpeg />|Door
<img src=eat.jpeg />|Eat
<img src=jump.png />|Jump
<img src=key.png />|Key
<img src=lamp.jpeg />|Lamp
<img src=laugh.png />|Laugh
<img src=mouth.jpeg />|Mouth
<img src=pencil.jpg />|Pencil
<img src=plate.png />|Plate
<img src=run.png />|Run
<img src=tree.jpg />|Tree
<img src=watermelon.png />|Watermelon
<img src=instrument.jpg />|Instrument
<img src=where.png />|Where
<img src=fruits.jpg />|Fruit
<img src=out.png />|Out
<img src=vegetables.jpg />|Vegetable
<img src=hole.jpg />|Hole
<img src=cashier.jpg />|Cashier
<img src=waiter.jpeg />|Waiter
<img src=furnitures.jpg />|Furniture
<img src=living_room.jpeg />|Living_room
<img src=microwave_oven.png />|Microwave_oven
<img src=7.jpg />|Seven
<img src=grass.gif />|Grass
<img src=clip.jpg />|Clip
<img src=stop.jpg />|Stop
<img src=motorcycle.jpg />|Motorcycle
<img src=thief.jpeg />|Thief
<img src=this.png />|This
<img src=what.png />|What
<img src=yes.png />|Yes
<img src=there.png />|There
<img src=king.gif />|King
<img src=that.png />|That
<img src=prawn.jpg />|Shrimp
<img src=8.jpg />|Eight
<img src=firefighter.jpg />|Firefighter
<img src=fall2.jpg />|Fall
<img src=wok.png />|Wok
<img src=waterfall.jpg />|Waterfall
<img src=raise_hand.png />|Raise_hand
<img src=get_up.png />|Get_up
<img src=cut.jpg />|Cut
<img src=child.png />|Child
<img src=get_on_bus.png />|Get_on_the_bus
<img src=subway.jpg />|Subway
<img src=who.png />|Who
<img src=fountain.jpg />|Fountain
<img src=queen.jpg />|Queen
<img src=no.png />|No
<img src=bus_stop.jpg />|Bus_stop
<img src=cover.jpg />|Cover
<img src=root.jpeg />|Root
<img src=tell.jpg />|Tell
<img src=spin.gif />|Spin
<img src=fist.png />|Fist
<img src=sick.jpg />|Sick
<img src=prince.png />|Prince
<img src=ask.png />|Ask
<img src=9.png />|Nine
<img src=your.png />|Your
<img src=here.png />|Here
<img src=in_front.jpg />|In_front
<img src=make.jpg />|Make
<img src=jungle.jpg />|Jungle
<img src=carpark.jpg />|Car_park
<img src=dragon.png />|Dragon
<img src=write.png />|Write
<img src=net.jpeg />|Net
<img src=square.gif />|Square
<img src=11.jpg />|Eleven
<img src=village.jpg />|Village
<img src=balloon.png />|Balloon
<img src=popped.png />|Pop
<img src=12.jpg />|Twelve
<img src=cruise.jpg />|Cruise
<img src=10.png />|Ten
<img src=bricks.jpg />|Brick
<img src=tap.jpg />|Tap
<img src=13.png />|Thirteen
<img src=thermometer.jpg />|Thermometer
<img src=farm.jpg />|Farm
<img src=rubik.jpg />|Rubik's_cube
<img src=14.jpg />|Fourteen
<img src=bathroom.jpg />|Bathroom
<img src=bedroom.jpg />|Bedroom
<img src=whistle.jpg />|Whistle
<img src=guitar.jpg />|Guitar
<img src=cooker.png />|Cooker
<img src=traffic_police.jpg />|Traffic_police
<img src=green_pepper.jpg />|Green_pepper
<img src=trumpet.jpg />|Trumpet
<img src=rainbow.png />|Rainbow
<img src=donkey.jpg />|Donkey
<img src=balcony.png />|Balcony
<img src=skate.jpeg />|Skate
<img src=ladder.jpg />|Ladder
<img src=lollipop.jpg />|Lollipop
<img src=violin.gif />|Violin
<img src=tulip.jpg />|Tulip
<img src=crayons.jpg />|Crayon
<img src=13.jpg />|Thirteen
<img src=grey.jpg />|Grey
<img src=ginger.jpg />|Ginger
<img src=yard.png />|Yard
<img src=1.jpg />|One
<img src=10.jpg />|Ten
<img src=11.jpg />|Eleven
<img src=12.jpg />|Twelve
<img src=21.jpg />|Twenty_one
<img src=30.jpg />|Thirty
<img src=13.jpg />|Thirteen
<img src=5.jpg />|Five
<img src=4.jpg />|Four
<img src=14.jpg />|Fourteen
<img src=15.jpg />|Fifteen
<img src=16.jpg />|Sixteen
<img src=6.jpg />|Six
<img src=2.jpg />|Two
<img src=17.jpg />|Seventeen
<img src=3.jpg />|Three
<img src=33.jpg />|Thirty_three
<img src=22.jpg />|Twenty_two
<img src=7.jpg />|Seven
<img src=18.jpg />|Eighteen
<img src=19.jpg />|Nineteen
<img src=40.jpg />|Forty
<img src=50.jpg />|Fifty
<img src=20.jpg />|Twenty
<img src=25.jpg />|Twenty_five
<img src=32.jpg />|Thirty_two
<img src=44.jpg />|Forty_four
<img src=29.jpg />|Twenty_nine
<img src=27.jpg />|Twenty_seven
<img src=35.jpg />|Thirty_five
<img src=48.jpg />|Forty_eight
<img src=cow.png />|Cow
<img src=fridge.jpeg />|Fridge
<img src=shoes.jpg />|Shoes
<img src=pants.jpg />|Pants
<img src=doctor.png />|Doctor
<img src=piano.png />|Piano
<img src=gate.jpg />|Gate
<img src=teddy.png />|Teddy
<img src=desk.png />|Desk
<img src=horse.png />|Horse
<img src=bike.png />|Bike
<img src=socks.jpg />|Socks
<img src=gents.jpg />|Gents
<img src=goat.gif />|Goat
<img src=tiger.jpg />|Tiger
<img src=sheep.jpg />|Sheep
<img src=giraffe.jpg />|Giraffe
<img src=cloud.jpg />|Cloud
<img src=sun.jpeg />|Sun
<img src=ladies.png />|Ladies
<img src=plane.png />|Plane
<img src=train.png />|Train
<img src=cow.png />|Cow
<img src=icecream.png />|Ice_Cream
<img src=fridge.jpeg />|Fridge
<img src=bread.jpeg />|Bread
<img src=cloud.jpg />|Cloud
<img src=shoes.jpg />|Shoes
<img src=bridge.jpg />|Bridge
<img src=sun.jpeg />|Sun
<img src=river.jpg />|River
<img src=pants.jpg />|Pants
<img src=pig.jpg />|Pig
<img src=snake.jpg />|Snake
<img src=doctor.png />|Doctor
<img src=dolphin.jpg />|Dolphin
<img src=shark.jpeg />|Shark
<img src=swim.jpg />|Swim
<img src=piano.png />|Piano
<img src=window.jpg />|Window
<img src=duck.jpg />|Duck
<img src=computer.jpg />|Computer
<img src=stairs.jpg />|Stairs
<img src=drawer.jpg />|Drawer
<img src=star.png />|Star
<img src=bike.png />|Bike
<img src=plane.png />|Plane
<img src=socks.jpg />|Socks
<img src=heart.jpg />|Heart
<img src=train.png />|Train
<img src=clock.jpg />|Clock
<img src=sheep.jpg />|Sheep
<img src=giraffe.jpg />|Giraffe
<img src=icecream.png />|Icecream
<img src=bridge.jpg />|Bridge
<img src=river.jpg />|River
<img src=pig.jpg />|Pig
<img src=snake.jpg />|Snake
<img src=dolphin.jpg />|Dolphin
<img src=shark.jpeg />|Shark
<img src=swim.jpg />|Swim
<img src=window.jpg />|Window
<img src=duck.jpg />|Duck
<img src=computer.jpg />|Computer
<img src=stairs.jpg />|Stairs
<img src=drawer.jpg />|Drawer
<img src=star.png />|Star
<img src=heart.jpg />|Heart
<img src=clock.jpg />|Clock
<img src=peanuts.jpg />|peanut
<img src=fridge.jpeg />|fridge
<img src=bread.jpeg />|bread
<img src=pillow.jpg />|Pillow
<img src=bubble.jpg />|bubble
<img src=bridge.jpg />|bridge
<img src=cooking.jpg />|cook
<img src=river.jpg />|river
<img src=bed.jpg />|bed
<img src=soap.jpg />|soap
<img src=snake.jpg />|snake
<img src=pee.jpg />|pee
<img src=drink.jpg />|drink
<img src=shark.jpeg />|shark
<img src=swim.jpg />|swim
<img src=mountain.jpg />|mountain
<img src=climb.png />|climb
<img src=park.jpg />|park
<img src=supermarket.jpg />|supermarket
<img src=kitchen.jpg />|kitchen
<img src=wolf.jpg />|wolf
<img src=moon.jpg />|moon
<img src=sleep.jpg />|Sleep
<img src=knife.png />|Knife
<img src=teacher.png />|Teacher
<img src=circle.png />|Circle
<img src=skirt.jpg />|Skirt
<img src=big_small.jpeg />|Big_Small
<img src=pistol.gif />|Pistol
<img src=cinema.jpg />|Cinema
<img src=school.jpg />|School
<img src=classroom.jpg />|Classroom
<img src=tall_short.jpg />|Tall_Short
<img src=sky.png />|Sky
<img src=butterfly.png />|butterfly
<img src=push_pull.jpeg />|Push_Pull
<img src=candy.jpeg />|Candy
<img src=scooter.jpg />|Scooter
<img src=windy.jpg />|Windy
<img src=rainy.png />|Rainy
<img src=on_under.jpeg />|On_Under
<img src=turtle.jpg />|Turtle
<img src=grilled_chicken.jpeg />|Chicken
<img src=dance.jpg />|Dance
<img src=jacket.jpg />|Jacket
<img src=crab.jpeg />|Crab
<img src=box.jpeg />|Box
<img src=fork.gif />|Fork
<img src=bone.jpg />|Bone
<img src=biscuit.jpg />|Biscuit
<img src=button.png />|Button
<img src=cake.jpg />|Cake
<img src=kite.svg />|Kite
<img src=mitten.png />|Mitten
<img src=santa.png />|Santa
<img src=scarf.jpg />|Scarf
<img src=spoon.jpg />|Spoon
<img src=towel.png />|Towel
<img src=zip.jpg />|Zip
<img src=road.jpeg />|Road
<img src=rice.jpg />|Rice
<img src=sunny.png />|Sunny
<img src=noodles.jpg />|Noodles
<img src=fish_in_the_tank.jpg />|In
<img src=t-shirt.png />|T-shirt
<img src=tent.png />|Tent
<img src=triangle.png />|Triangle
<img src=hammer.jpg />|Hammer
<img src=chopsticks.jpg />|Chopsticks
<img src=dragonfly.jpg />|Dragonfly
<img src=walk.gif />|Walk
<img src=couch.jpg />|Couch
<img src=rubber.png />|Rubber
<img src=rhino.jpg />|Rhino
<img src=airport.jpg />|Airport
<img src=beef_bowl.png />|Beef_Bowl
<img src=burger.jpeg />|Burger
<img src=chips.jpg />|Chips
<img src=fries.png />|Fries
<img src=juice.jpeg />|Juice
<img src=kettle.jpg />|Kettle
<img src=sea.jpg />|Sea
<img src=shell.jpg />|Shell
<img src=swimming_pool.jpg />|Swimming_Pool
<img src=tv.jpg />|TV
<img src=blue.png />|Blue
<img src=morning.png />|Morning
<img src=watch.jpg />|Watch
<img src=paper.png />|Paper
<img src=quilt.jpeg />|Quilt
<img src=tissue.jpg />|Tissue
<img src=wardrobe.jpg />|Wardrobe
<img src=mirror.jpg />|Mirror
<img src=purple.jpg />|Purple
<img src=grape.jpeg />|Grape
<img src=green.jpg />|Green
<img src=luggage.png />|Luggage
<img src=red.jpg />|Red
<img src=caterpillar.jpg />|Caterpillar
<img src=bucket.jpg />|Bucket
<img src=cherry.jpg />|Cherry
<img src=yellow.jpg />|Yellow
<img src=bamboo.jpg />|Bamboo
<img src=brown.jpg />|Brown
<img src=mosquito.png />|Mosquito
<img src=pink.png />|Pink
<img src=washing_machine.png />|Washing_Machine
<img src=bath.jpg />|Bath
<img src=flag2.gif />|Flag
<img src=swan.jpg />|Swan
<img src=cabbage.png />|Cabbage
<img src=zoo.png />|Zoo
<img src=nest.jpg />|Nest
<img src=swing.jpg />|Swing
<img src=slide.png />|Slide
<img src=mouse.jpg />|Mouse
<img src=roller_blade.jpg />|Roller_Blade
<img src=eggplant.jpg />|Eggplant
<img src=parrot.jpg />|Parrot
<img src=bell.jpg />|Bell
<img src=helmet.jpg />|Helmet
<img src=black.png />|Black
<img src=shampoo.jpg />|Shampoo
<img src=truck.png />|Truck
<img src=chilli.png />|Chili
<img src=money.jpg />|Money
<img src=white.png />|White
<img src=camel.jpeg />|Camel
<img src=ambulance.png />|Ambulance
<img src=basin.jpeg />|Basin
<img src=basketball.gif />|Basketball
<img src=bat.jpg />|Bat
<img src=building.png />|Building
<img src=dentist.jpeg />|Dentist
<img src=crossing.gif />|Crossing
<img src=dustbin.jpg />|Dustbin
<img src=eagle.jpeg />|Eagle
<img src=fire_engine.png />|Fire_Engine
<img src=floor.jpeg />|Floor
<img src=football.png />|Football
<img src=hospital.png />|Hospital
<img src=hotdog.jpg />|Hotdog
<img src=leopard.png />|Leopard
<img src=mall.jpg />|Mall
<img src=mushroom.jpeg />|Mushroom
<img src=pavement.png />|Pavement
<img src=pigeon.jpg />|Pigeon
<img src=toilet.jpg />|Toilet
<img src=slippers.png />|Slippers
<img src=ruler.jpg />|Ruler
<img src=wall.jpg />|Wall
<img src=whale.png />|Whale
<img src=wing.png />|Wing
<img src=tail2.png />|Tail
<img src=buy.gif />|Buy
<img src=wait2.jpg />|Wait
<img src=like.png />|Like
<img src=more.png />|More
<img src=wash_hands.jpg />|Wash
<img src=under.png />|Under
<img src=neck.png />|Neck
<img src=close.png />|Close
<img src=number2.jpg />|Number
<img src=help2.png />|Help
<img src=I2.png />|I
<img src=in.png />|In
<img src=we.png />|We
<img src=play2.png />|Play
<img src=pull.jpg />|Pull
<img src=go2.png />|Go
<img src=want2.png />|Want
<img src=switch.jpg />|Switch
<img src=you.jpg />|You
<img src=can.png />|Can
<img src=find.png />|Find
<img src=draw.jpg />|Draw
<img src=my.png />|My
<img src=throw.jpg />|Throw
<img src=up.png />|Up
<img src=catch.jpg />|Catch
<img src=playground.jpeg />|Playground
<img src=beside.png />|Beside
<img src=down.png />|Down
<img src=read.jpeg />|Read
<img src=come.jpg />|Come
<img src=have.png />|Have
<img src=big.png />|Big
<img src=sweep.gif />|Sweep
<img src=bounce.jpg />|Bounce
<img src=put.png />|Put
<img src=toothpaste.gif />|Toothpaste
<img src=toothbrush.jpg />|Toothbrush
<img src=straw.jpg />|Straw
<img src=see.png />|Look
<img src=said.png />|Said
<img src=hi.png />|Hi
<img src=give.png />|Give
<img src=call.png />|Call
<img src=carry.jpg />|Carry
<img src=family.png />|Family
<img src=count.jpg />|Count
<img src=listen.png />|Listen
<img src=lipstick.jpg />|Lipstick
<img src=driver.jpg />|Driver
<img src=farmer.jpg />|Farmer
<img src=tunnel.jpg />|Tunnel
<img src=soldier.jpg />|Soldier
<img src=nurse.jpg />|Nurse
<img src=good.svg />|Good
<img src=shaver.svg />|Shaver
<img src=chef.jpg />|Chef
<img src=hook.png />|Hook
<img src=xmas.jpg />|Christmas
<img src=taxi.png />|Taxi
<img src=worker.png />|Worker
<img src=wheel.jpg />|Wheel
<img src=fight2.jpeg />|Fight
<img src=lighthouse.jpg />|Lighthouse
<img src=pour.jpg />|Pour
<img src=feather.jpg />|Feather
<img src=colors.jpg />|Colors
<img src=between.png />|Between
<img src=electric_appliances.jpg />|Appliances
<img src=braids.jpg />|Braids
<img src=blender.jpg />|Blender
<img src=junction.jpg />|Junction
<img src=broccoli.jpeg />|Broccoli
<img src=crow.png />|Crow
<img src=20.jpg />|Twenty
<img src=jump_rope.jpg />|Jump_rope
<img src=beak.png />|Beak
<img src=30.jpg />|Thirty
<img src=pipe.jpg />|Pipe
<img src=they.jpg />|They
<img src=air_conditioner.jpg />|Air_conditioner
<img src=oil.jpeg />|Oil
<img src=mask.jpg />|Mask
<img src=think.png />|Think
<img src=mop.jpg />|Mop
<img src=collar.jpg />|Collar
<img src=correct.png />|Right
<img src=hungry.png />|Hungry
<img src=belly.png />|Belly
<img src=21.jpg />|Twenty_one
<img src=fence.jpg />|Fence
<img src=hit.jpg />|Hit
<img src=wrong.jpg />|Wrong
<img src=he.png />|He
<img src=thirsty.png />|Thirsty
<img src=right.png />|Right
<img src=paw.png />|Paw
<img src=race.jpg />|Race
<img src=flute.jpg />|Flute
<img src=customer.jpg />|Customer
<img src=plug.png />|Plug
<img src=battery.jpg />|Battery
<img src=minus.png />|Minus
<img src=mat.jpg />|Mat
<img src=zoo_ticket.jpg />|Ticket
<img src=gatekeeper.jpeg />|Gatekeeper
<img src=broom.jpg />|Broom
<img src=pin.jpg />|Pin
<img src=plus.png />|Plus
<img src=pictures.jpg />|Picture
<img src=equal.jpg />|Equal
<img src=smoke.jpg />|Smoke
<img src=left.png />|Left
<img src=barber.JPG />|Barber
<img src=wet_market.jpeg />|Wet_market
<img src=butcher.jpg />|Butcher
<img src=teapot.jpg />|Teapot
<img src=sunflower.jpeg />|Sunflower
<img src=glue.jpg />|Glue
<img src=friends.jpg />|Friends
<img src=woman.jpg />|Woman
<img src=pit.JPG />|Pit
<img src=top.jpg />|Top
<img src=rolling.jpg />|Roll
<img src=fetch.jpg />|Fetch
<img src=she.png />|She
<img src=scratch.jpg />|Scratch
<img src=blow_bubbles.jpg />|Blow
<img src=shapes.jpg />|Shape
<img src=log.jpg />|Log
<img src=32.jpg />|Thirty_two
<img src=crawl.png />|Crawl
<img src=fast.png />|Fast
<img src=tape.jpeg />|Tape
<img src=hide.jpeg />|Hide
<img src=horn.jpg />|Horn
<img src=kiss.jpg />|Kiss
<img src=study.png />|Study
<img src=dress.jpg />|Dress
<img src=pick_up.gif />|Pick_up
<img src=chase.jpg />|Chase
<img src=cross_the_road.jpg />|Cross_the_road
<img src=scale.jpg />|Scale
<img src=flush.jpg />|Flush
<img src=green_light.jpeg />|Traffic_light
<img src=rub.jpg />|Rub
<img src=packing_school_bag.jpg />|Pack
<img src=sand.jpg />|Sand
<img src=clap.png />|Clap
<img src=owl.jpg />|Owl
<img src=flow.jpg />|Flow
<img src=dog_bite.gif />|Bite
<img src=boat.jpg />|Boat
<img src=needle.jpg />|Needle
<img src=printer.jpg />|Printer
<img src=line.png />|Line
<img src=corridor.jpg />|Corridor
<img src=over.png />|Over
<img src=sound.jpg />|Sound
<img src=day.jpg />|Day
<img src=heavy.png />|Heavy
<img src=sausage.jpg />|Sausage
<img src=same.png />|Same
<img src=stroller.png />|Stroller
<img src=end_of_the_road.jpg />|End_of_the_road
<img src=remote_control.pngÂ />|Remote_control
<img src=saw.png />|Saw
<img src=game2.jpg />|Game
<img src=thread.jpg />|Thread
<img src=wallet.jpg />|Wallet
<img src=feed.jpg />|Feed
<img src=hair_dryer.jpg />|Hair_dryer
<img src=cactus.png />|Cactus
<img src=nail2.png />|Nail
<img src=story_book.jpg />|Story
<img src=work.png />|Work
<img src=large.png />|Large
<img src=food.png />|Food
<img src=high.png />|High
<img src=low.png />|Low
<img src=pill.jpg />|Pill
<img src=lean.jpg />|Lean
<img src=now.png />|Now
<img src=sink.jpg />|Sink
<img src=dots.png />|Dot
<img src=turn.jpg />|Turn
<img src=old.png />|Old
<img src=ring.png />|Ring
<img src=iron.jpg />|Iron
<img src=rooster.jpg />|Rooster
<img src=vacuum_cleaner.jpg />|Vacuum_cleaner
<img src=rock.gif />|Rock
<img src=fewer.png />|Fewer
<img src=words.jpg />|Word
<img src=light.png />|Light
<img src=some.png />|Some
<img src=wrench.jpg />|Wrench
<img src=necklace.jpeg />|Necklace
<img src=microphone.jpg />|Microphone
<img src=children.jpg />|Children
<img src=stove.png />|Stove
<img src=slow.png />|Slow
<img src=passengers.jpg />|Passengers
<img src=shadow.jpg />|Shadow
<img src=stripes.jpg />|Stripes
<img src=frying_pan.jpg />|Frying_pan
<img src=scared.jpg />|Scared
<img src=size.png />|Size
<img src=move.jpg />|Move
<img src=belt.jpg />|Belt
<img src=knee.png />|Knee
<img src=before.png />|Before
<img src=drop_a_ball2.jpg />|Drop
<img src=half.jpg />|Half
<img src=thigh.png />|Thigh
<img src=sticker.jpg />|Sticker
<img src=tear.png />|Tear
<img src=spill.jpeg />|Spill
<img src=fold2.jpg />|Fold
<img src=pat.png />|Pat
<img src=photos.jpg />|Photo
<img src=robot.jpg />|Robot
<img src=marbles.jpg />|Marble
<img src=sneeze.jpg />|Sneeze
<img src=rocket.png />|Rocket
<img src=name.png />|Name
<img src=punch.jpg />|Punch
<img src=pay_rmb.jpg />|Pay
<img src=lie_down.jpg />|Lie_down
<img src=pattern.jpg />|Pattern
<img src=flip_a_page.jpg />|Flip
<img src=follow.jpg />|Follow
<img src=tie.jpg />|Tie
<img src=ink.jpg />|Ink
<img src=city.jpg />|City
<img src=arm.jpg />|Arm
<img src=point.png />|Point
<img src=menu.jpg />|Menu
<img src=thorn.jpg />|Thorn
<img src=calendar.jpg />|Calendar
<img src=flashlight.jpg />|Flashlight
<img src=after.png />|After
<img src=yawning.jpg />|Yawn
<img src=body.png />|Body
<img src=scar.jpg />|Scar
<img src=body_parts2.jpg />|Body_parts
<img src=crown.jpg />|Crown
<img src=paste2.jpg />|Paste
<img src=bleeding.jpg />|Bleeding
<img src=cough.jpg />|Cough
<img src=excited.jpg />|Excited
<img src=slap.jpg />|Slap
<img src=seed.jpg />|Seed
<img src=keyboard.jpg />|Keyboard
<img src=alive.png />|Alive
<img src=angel.jpg />|Angel
<img src=dead.png />|Dead
<img src=edge.png />|Edge
<img src=beard.jpg />|Beard
<img src=hard.png />|Hard
<img src=hang2.jpg />|Hang
<img src=smooth.png />|Smooth
<img src=sweater2.jpg />|Sweater
<img src=soft.png />|Soft
<img src=rough.png />|Rough
<img src=room.png />|Room
<img src=corner.jpg />|Corner
<img src=plants2.jpg />|Plants
<img src=diamond_shape.jpg />|Diamond_shape
<img src=globe.jpg />|Globe
<img src=chest.jpeg />|Chest
<img src=sandals.jpg />|Sandals
<img src=coconut.jpg />|Coconut
<img src=young.png />|Young
<img src=seat.jpg />|Seat
<img src=blind.jpg />|Blind
<img src=most.png />|Most
<img src=bench.jpg />|Bench
<img src=cane.jpg />|Cane
<img src=restaurant.jpg />|Restaurant
<img src=stadium.jpg />|Stadium
<img src=entrance.jpg />|Entrance
<img src=handle2.jpg />|Handle
<img src=wheelchair.jpg />|Wheelchair
<img src=first.png />|First
<img src=last.png />|Last
<img src=tire.jpg />|Tire
<img src=pot.JPG />|Pot
<img src=branch.jpg />|Branch
<img src=astronaut.jpg />|Astronaut
<img src=squat.jpg />|Squat
<img src=real.png />|Real
<img src=through.jpg />|Through
<img src=garlic.jpg />|Garlic
<img src=forehead.jpg />|Forehead
<img src=camera.jpg />|Camera
<img src=congee.jpg />|Congee
<img src=spray.jpg />|Spray
<img src=eyebrow.jpg />|Eyebrow
<img src=leek.jpg />|Leek
<img src=side.JPG />|Side
<img src=different.jpg />|Different
<img src=together2.jpg />|Together
<img src=desert.jpeg />|Desert
<img src=schedule.jpg />|Schedule
<img src=land.png />|Land
<img src=tweezer.jpg />|Tweezer
<img src=back.jpg />|Back
<img src=least.png />|Least
<img src=opposites.jpg />|Opposites
<img src=build.jpg />|Build
<img src=pair.png />|Pair
<img src=start.png />|Start
<img src=stacking.jpeg />|Stack
<img src=underwear.jpg />|Underwear
<img src=drip.jpg />|Drip
<img src=shoe_rack.jpg />|Shoe_rack
<img src=finished.png />|Finished
<img src=blanket.jpeg />|Blanket
<img src=earpiece.jpg />|Earpiece
<img src=tongue.jpg />|Tongue
<img src=glasses.jpeg />|Glasses
<img src=ocean.png />|Ocean
<img src=salt.png />|Salt
<img src=exercise.jpg />|Exercise
<img src=locker.jpg />|Locker
<img src=live.png />|Live
<img src=world_map.png />|World
<img src=tilted_tower.jpeg />|Tilted
<img src=knit.jpg />|Knit
<img src=shelf.jpeg />|Shelf
<img src=pound.jpg />|Pound
<img src=knot.jpg />|Knot
<img src=audience.png />|Audience
<img src=map.png />|Map
<img src=jeans.jpeg />|Jeans
<img src=cave.jpg />|Cave
<img src=soy_sauce.png />|Soy_sauce
<img src=goggles.jpg />|Goggles
<img src=shoots.jpg />|Shoots
<img src=worm.jpeg />|Worm
<img src=change.png />|Change
<img src=pliers.png />|Pliers
<img src=loud.jpg />|Loud
<img src=sushi.jpg />|Sushi
<img src=accident.jpg />|Accident
<img src=swimming_suit.jpg />|Swimming_suit
<img src=hive.jpg />|Hive
<img src=beetle.jpg />|Beetle
<img src=traffic_jam.jpg />|Jam
<img src=lawn2.jpg />|Lawn
<img src=boil.jpg />|Boil
<img src=pay.png />|Pay
<img src=bank.jpg />|Bank
<img src=guests.jpg />|Guest
<img src=museum.jpg />|Museum
<img src=bakery.jpg />|Bakery
<img src=swimming_cap.jpg />|Swimming_cap
<img src=women.jpg />|Women
<img src=hedgehog.jpg />|Hedgehog
<img src=afternoon.png />|Afternoon
<img src=library.jpg />|Library
<img src=second.png />|Second
<img src=ceiling2.jpg />|Ceiling
<img src=tie2.jpg />|Tie
<img src=hotel.jpg />|Hotel
<img src=pharmacy.jpg />|Pharmacy
<img src=roof.jpg />|Roof
<img src=dry_leaf.jpg />|Dry
<img src=bed_sheet.jpeg />|Bed_sheet
<img src=sneakers.jpeg />|Sneakers
<img src=son.png />|Son
<img src=textbook.jpg />|Textbook
<img src=students.jpg />|Students
<img src=newspaper.jpg />|Newspaper
<img src=wrist.png />|Wrist
<img src=alphabet.jpg />|Alphabet
<img src=father.png />|Father
<img src=jewellery.jpg />|jewelry
<img src=concert.jpg />|Concert
<img src=third.png />|Third
<img src=mother.png />|Mother
<img src=daughter.png />|Daughter
