Type,HSK_Level,Label,Issue
Missing_Image,1,一块儿,Concept has no linked visual
Missing_Image,1,七,Concept has no linked visual
Missing_Image,1,三,Concept has no linked visual
Missing_Image,1,下车,Concept has no linked visual
Missing_Image,1,不大,Concept has no linked visual
Missing_Image,1,不客气,Concept has no linked visual
Missing_Image,1,东,Concept has no linked visual
Missing_Image,1,两,Concept has no linked visual
Missing_Image,1,中学,Concept has no linked visual
Missing_Image,1,九,Concept has no linked visual
Missing_Image,1,五,Concept has no linked visual
Missing_Image,1,元,Concept has no linked visual
Missing_Image,1,关,Concept has no linked visual
Missing_Image,1,再见,Concept has no linked visual
Missing_Image,1,几,Concept has no linked visual
Missing_Image,1,分,Concept has no linked visual
Missing_Image,1,动,Concept has no linked visual
Missing_Image,1,动作,Concept has no linked visual
Missing_Image,1,北,Concept has no linked visual
Missing_Image,1,医院,Concept has no linked visual
Missing_Image,1,十,Concept has no linked visual
Missing_Image,1,南,Concept has no linked visual
Missing_Image,1,口,Concept has no linked visual
Missing_Image,1,右,Concept has no linked visual
Missing_Image,1,右边,Concept has no linked visual
Missing_Image,1,后,Concept has no linked visual
Missing_Image,1,哥,Concept has no linked visual
Missing_Image,1,哪些,Concept has no linked visual
Missing_Image,1,唱,Concept has no linked visual
Missing_Image,1,四,Concept has no linked visual
Missing_Image,1,回答,Concept has no linked visual
Missing_Image,1,地点,Concept has no linked visual
Missing_Image,1,坐下,Concept has no linked visual
Missing_Image,1,外,Concept has no linked visual
Missing_Image,1,天,Concept has no linked visual
Missing_Image,1,奶,Concept has no linked visual
Missing_Image,1,妈,Concept has no linked visual
Missing_Image,1,妹,Concept has no linked visual
Missing_Image,1,姐,Concept has no linked visual
Missing_Image,1,子,Concept has no linked visual
Missing_Image,1,学院,Concept has no linked visual
Missing_Image,1,小姐,Concept has no linked visual
Missing_Image,1,小朋友,Concept has no linked visual
Missing_Image,1,工人,Concept has no linked visual
Missing_Image,1,左边,Concept has no linked visual
Missing_Image,1,帮忙,Concept has no linked visual
Missing_Image,1,干什么,Concept has no linked visual
Missing_Image,1,弟,Concept has no linked visual
Missing_Image,1,得到,Concept has no linked visual
Missing_Image,1,手,Concept has no linked visual
Missing_Image,1,打开,Concept has no linked visual
Missing_Image,1,打球,Concept has no linked visual
Missing_Image,1,有一些,Concept has no linked visual
Missing_Image,1,有时,Concept has no linked visual
Missing_Image,1,有的,Concept has no linked visual
Missing_Image,1,朋友,Concept has no linked visual
Missing_Image,1,本,Concept has no linked visual
Missing_Image,1,杯,Concept has no linked visual
Missing_Image,1,树,Concept has no linked visual
Missing_Image,1,楼,Concept has no linked visual
Missing_Image,1,次,Concept has no linked visual
Missing_Image,1,歌,Concept has no linked visual
Missing_Image,1,汽车,Concept has no linked visual
Missing_Image,1,渴,Concept has no linked visual
Missing_Image,1,爸,Concept has no linked visual
Missing_Image,1,班,Concept has no linked visual
Missing_Image,1,电影院,Concept has no linked visual
Missing_Image,1,男生,Concept has no linked visual
Missing_Image,1,病人,Concept has no linked visual
Missing_Image,1,白天,Concept has no linked visual
Missing_Image,1,百,Concept has no linked visual
Missing_Image,1,看病,Concept has no linked visual
Missing_Image,1,知识,Concept has no linked visual
Missing_Image,1,第,Concept has no linked visual
Missing_Image,1,网友,Concept has no linked visual
Missing_Image,1,考,Concept has no linked visual
Missing_Image,1,西,Concept has no linked visual
Missing_Image,1,记,Concept has no linked visual
Missing_Image,1,记住,Concept has no linked visual
Missing_Image,1,试,Concept has no linked visual
Missing_Image,1,读书,Concept has no linked visual
Missing_Image,1,车站,Concept has no linked visual
Missing_Image,1,这边,Concept has no linked visual
Missing_Image,1,那边,Concept has no linked visual
Missing_Image,1,那里,Concept has no linked visual
Missing_Image,1,间,Concept has no linked visual
Missing_Image,1,风,Concept has no linked visual
Missing_Image,1,饭店,Concept has no linked visual
Missing_Image,1,一半,Concept has no linked visual
Missing_Image,1,一点儿,Concept has no linked visual
Missing_Image,1,二,Concept has no linked visual
Missing_Image,1,先生,Concept has no linked visual
Missing_Image,1,八,Concept has no linked visual
Missing_Image,1,六,Concept has no linked visual
Missing_Image,1,出,Concept has no linked visual
Missing_Image,1,包子,Concept has no linked visual
Missing_Image,1,听到,Concept has no linked visual
Missing_Image,1,听见,Concept has no linked visual
Missing_Image,1,哪,Concept has no linked visual
Missing_Image,1,国,Concept has no linked visual
Missing_Image,1,块,Concept has no linked visual
Missing_Image,1,女,Concept has no linked visual
Missing_Image,1,女人,Concept has no linked visual
Missing_Image,1,女生,Concept has no linked visual
Missing_Image,1,山,Concept has no linked visual
Missing_Image,1,左,Concept has no linked visual
Missing_Image,1,常,Concept has no linked visual
Missing_Image,1,干,Concept has no linked visual
Missing_Image,1,开玩笑,Concept has no linked visual
Missing_Image,1,忘记,Concept has no linked visual
Missing_Image,1,您,Concept has no linked visual
Missing_Image,1,旁边,Concept has no linked visual
Missing_Image,1,最后,Concept has no linked visual
Missing_Image,1,有些,Concept has no linked visual
Missing_Image,1,有时候,Concept has no linked visual
Missing_Image,1,毛,Concept has no linked visual
Missing_Image,1,爱好,Concept has no linked visual
Missing_Image,1,球,Concept has no linked visual
Missing_Image,1,白,Concept has no linked visual
Missing_Image,1,请问,Concept has no linked visual
Missing_Image,1,走路,Concept has no linked visual
Missing_Image,1,路,Concept has no linked visual
Missing_Image,1,身体,Concept has no linked visual
Missing_Image,1,进,Concept has no linked visual
Missing_Image,1,门口,Concept has no linked visual
Missing_Image,1,页,Concept has no linked visual
Missing_Image,1,飞,Concept has no linked visual
Missing_Image,1,上学,Concept has no linked visual
Missing_Image,1,中,Concept has no linked visual
Missing_Image,1,同学,Concept has no linked visual
Missing_Image,1,国家,Concept has no linked visual
Missing_Image,1,图书馆,Concept has no linked visual
Missing_Image,1,大学生,Concept has no linked visual
Missing_Image,1,她们,Concept has no linked visual
Missing_Image,1,字,Concept has no linked visual
Missing_Image,1,小学,Concept has no linked visual
Missing_Image,1,床,Concept has no linked visual
Missing_Image,1,早,Concept has no linked visual
Missing_Image,1,洗,Concept has no linked visual
Missing_Image,1,电,Concept has no linked visual
Missing_Image,1,男,Concept has no linked visual
Missing_Image,1,看见,Concept has no linked visual
Missing_Image,1,票,Concept has no linked visual
Missing_Image,1,累,Concept has no linked visual
Missing_Image,1,起,Concept has no linked visual
Missing_Image,1,门,Concept has no linked visual
Missing_Image,1,介绍,Concept has no linked visual
Missing_Image,1,出来,Concept has no linked visual
Missing_Image,1,包,Concept has no linked visual
Missing_Image,1,医生,Concept has no linked visual
Missing_Image,1,商店,Concept has no linked visual
Missing_Image,1,国外,Concept has no linked visual
Missing_Image,1,慢,Concept has no linked visual
Missing_Image,1,放,Concept has no linked visual
Missing_Image,1,日,Concept has no linked visual
Missing_Image,1,杯子,Concept has no linked visual
Missing_Image,1,正,Concept has no linked visual
Missing_Image,1,电视,Concept has no linked visual
Missing_Image,1,病,Concept has no linked visual
Missing_Image,1,老人,Concept has no linked visual
Missing_Image,1,行,Concept has no linked visual
Missing_Image,1,跑,Concept has no linked visual
Missing_Image,1,重,Concept has no linked visual
Missing_Image,1,非常,Concept has no linked visual
Missing_Image,1,饿,Concept has no linked visual
Missing_Image,1,马上,Concept has no linked visual
Missing_Image,1,名字,Concept has no linked visual
Missing_Image,1,回去,Concept has no linked visual
Missing_Image,1,坏,Concept has no linked visual
Missing_Image,1,外国,Concept has no linked visual
Missing_Image,1,对不起,Concept has no linked visual
Missing_Image,1,教,Concept has no linked visual
Missing_Image,1,明白,Concept has no linked visual
Missing_Image,1,水,Concept has no linked visual
Missing_Image,1,水果,Concept has no linked visual
Missing_Image,1,老,Concept has no linked visual
Missing_Image,1,茶,Concept has no linked visual
Missing_Image,1,谢谢,Concept has no linked visual
Missing_Image,1,起床,Concept has no linked visual
Missing_Image,1,进来,Concept has no linked visual
Missing_Image,1,那些,Concept has no linked visual
Missing_Image,1,雨,Concept has no linked visual
Missing_Image,1,前,Concept has no linked visual
Missing_Image,1,去年,Concept has no linked visual
Missing_Image,1,唱歌,Concept has no linked visual
Missing_Image,1,多少,Concept has no linked visual
Missing_Image,1,差,Concept has no linked visual
Missing_Image,1,电话,Concept has no linked visual
Missing_Image,1,真的,Concept has no linked visual
Missing_Image,1,认真,Concept has no linked visual
Missing_Image,1,记得,Concept has no linked visual
Missing_Image,1,这儿,Concept has no linked visual
Missing_Image,1,那儿,Concept has no linked visual
Missing_Image,1,错,Concept has no linked visual
Missing_Image,1,哪里,Concept has no linked visual
Missing_Image,1,少,Concept has no linked visual
Missing_Image,1,干净,Concept has no linked visual
Missing_Image,1,忘,Concept has no linked visual
Missing_Image,1,有名,Concept has no linked visual
Missing_Image,1,机场,Concept has no linked visual
Missing_Image,1,睡,Concept has no linked visual
Missing_Image,1,站,Concept has no linked visual
Missing_Image,1,读,Concept has no linked visual
Missing_Image,1,课,Concept has no linked visual
Missing_Image,1,送,Concept has no linked visual
Missing_Image,1,零,Concept has no linked visual
Missing_Image,1,下,Concept has no linked visual
Missing_Image,1,号,Concept has no linked visual
Missing_Image,1,回,Concept has no linked visual
Missing_Image,1,学习,Concept has no linked visual
Missing_Image,1,晚,Concept has no linked visual
Missing_Image,1,正在,Concept has no linked visual
Missing_Image,1,男人,Concept has no linked visual
Missing_Image,1,真,Concept has no linked visual
Missing_Image,1,笑,Concept has no linked visual
Missing_Image,1,重要,Concept has no linked visual
Missing_Image,1,饭,Concept has no linked visual
Missing_Image,1,一些,Concept has no linked visual
Missing_Image,1,今年,Concept has no linked visual
Missing_Image,1,准备,Concept has no linked visual
Missing_Image,1,别人,Concept has no linked visual
Missing_Image,1,年,Concept has no linked visual
Missing_Image,1,找到,Concept has no linked visual
Missing_Image,1,热,Concept has no linked visual
Missing_Image,1,进去,Concept has no linked visual
Missing_Image,1,远,Concept has no linked visual
Missing_Image,1,一,Concept has no linked visual
Missing_Image,1,中间,Concept has no linked visual
Missing_Image,1,休息,Concept has no linked visual
Missing_Image,1,点,Concept has no linked visual
Missing_Image,1,爱,Concept has no linked visual
Missing_Image,1,看到,Concept has no linked visual
Missing_Image,1,穿,Concept has no linked visual
Missing_Image,1,肉,Concept has no linked visual
Missing_Image,1,花,Concept has no linked visual
Missing_Image,1,车,Concept has no linked visual
Missing_Image,1,个,Concept has no linked visual
Missing_Image,1,书,Concept has no linked visual
Missing_Image,1,半,Concept has no linked visual
Missing_Image,1,回来,Concept has no linked visual
Missing_Image,1,坐,Concept has no linked visual
Missing_Image,1,家人,Concept has no linked visual
Missing_Image,1,常常,Concept has no linked visual
Missing_Image,1,早上,Concept has no linked visual
Missing_Image,1,爷爷,Concept has no linked visual
Missing_Image,1,电脑,Concept has no linked visual
Missing_Image,1,冷,Concept has no linked visual
Missing_Image,1,小,Concept has no linked visual
Missing_Image,1,下班,Concept has no linked visual
Missing_Image,1,不用,Concept has no linked visual
Missing_Image,1,写,Concept has no linked visual
Missing_Image,1,妹妹,Concept has no linked visual
Missing_Image,1,弟弟,Concept has no linked visual
Missing_Image,1,房间,Concept has no linked visual
Missing_Image,1,难,Concept has no linked visual
Missing_Image,1,见,Concept has no linked visual
Missing_Image,1,一边,Concept has no linked visual
Missing_Image,1,上课,Concept has no linked visual
Missing_Image,1,出去,Concept has no linked visual
Missing_Image,1,天气,Concept has no linked visual
Missing_Image,1,女儿,Concept has no linked visual
Missing_Image,1,房子,Concept has no linked visual
Missing_Image,1,睡觉,Concept has no linked visual
Missing_Image,1,见面,Concept has no linked visual
Missing_Image,1,哥哥,Concept has no linked visual
Missing_Image,1,星期,Concept has no linked visual
Missing_Image,1,一样,Concept has no linked visual
Missing_Image,1,告诉,Concept has no linked visual
Missing_Image,1,帮,Concept has no linked visual
Missing_Image,1,开会,Concept has no linked visual
Missing_Image,1,快,Concept has no linked visual
Missing_Image,1,考试,Concept has no linked visual
Missing_Image,1,飞机,Concept has no linked visual
Missing_Image,1,下雨,Concept has no linked visual
Missing_Image,1,们,Concept has no linked visual
Missing_Image,1,儿子,Concept has no linked visual
Missing_Image,1,大学,Concept has no linked visual
Missing_Image,1,学,Concept has no linked visual
Missing_Image,1,家,Concept has no linked visual
Missing_Image,1,岁,Concept has no linked visual
Missing_Image,1,开,Concept has no linked visual
Missing_Image,1,最好,Concept has no linked visual
Missing_Image,1,觉得,Concept has no linked visual
Missing_Image,1,贵,Concept has no linked visual
Missing_Image,1,上班,Concept has no linked visual
Missing_Image,1,回家,Concept has no linked visual
Missing_Image,1,大,Concept has no linked visual
Missing_Image,1,学校,Concept has no linked visual
Missing_Image,1,新,Concept has no linked visual
Missing_Image,1,事,Concept has no linked visual
Missing_Image,1,先,Concept has no linked visual
Missing_Image,1,喝,Concept has no linked visual
Missing_Image,1,忙,Concept has no linked visual
Missing_Image,1,拿,Concept has no linked visual
Missing_Image,1,生气,Concept has no linked visual
Missing_Image,1,高兴,Concept has no linked visual
Missing_Image,1,地,Concept has no linked visual
Missing_Image,1,打电话,Concept has no linked visual
Missing_Image,1,住,Concept has no linked visual
Missing_Image,1,听,Concept has no linked visual
Missing_Image,1,打,Concept has no linked visual
Missing_Image,1,着,Concept has no linked visual
Missing_Image,1,从,Concept has no linked visual
Missing_Image,1,别,Concept has no linked visual
Missing_Image,1,时间,Concept has no linked visual
Missing_Image,1,晚上,Concept has no linked visual
Missing_Image,1,那,Concept has no linked visual
Missing_Image,1,里,Concept has no linked visual
Missing_Image,1,高,Concept has no linked visual
Missing_Image,1,叫,Concept has no linked visual
Missing_Image,1,学生,Concept has no linked visual
Missing_Image,1,最,Concept has no linked visual
Missing_Image,1,电影,Concept has no linked visual
Missing_Image,1,问,Concept has no linked visual
Missing_Image,1,用,Concept has no linked visual
Missing_Image,1,地方,Concept has no linked visual
Missing_Image,1,太,Concept has no linked visual
Missing_Image,1,等,Concept has no linked visual
Missing_Image,1,认识,Concept has no linked visual
Missing_Image,1,起来,Concept has no linked visual
Missing_Image,1,找,Concept has no linked visual
Missing_Image,1,说话,Concept has no linked visual
Missing_Image,1,这些,Concept has no linked visual
Missing_Image,1,衣服,Concept has no linked visual
Missing_Image,1,还有,Concept has no linked visual
Missing_Image,1,对,Concept has no linked visual
Missing_Image,1,请,Concept has no linked visual
Missing_Image,1,东西,Concept has no linked visual
Missing_Image,1,小时,Concept has no linked visual
Missing_Image,1,北京,Concept has no linked visual
Missing_Image,1,吃饭,Concept has no linked visual
Missing_Image,1,呢,Concept has no linked visual
Missing_Image,1,钱,Concept has no linked visual
Missing_Image,1,一起,Concept has no linked visual
Missing_Image,1,爸爸,Concept has no linked visual
Missing_Image,1,过,Concept has no linked visual
Missing_Image,1,再,Concept has no linked visual
Missing_Image,1,谁,Concept has no linked visual
Missing_Image,1,月,Concept has no linked visual
Missing_Image,1,能,Concept has no linked visual
Missing_Image,1,上,Concept has no linked visual
Missing_Image,1,昨天,Concept has no linked visual
Missing_Image,1,走,Concept has no linked visual
Missing_Image,1,这,Concept has no linked visual
Missing_Image,1,这里,Concept has no linked visual
Missing_Image,1,买,Concept has no linked visual
Missing_Image,1,现在,Concept has no linked visual
Missing_Image,1,和,Concept has no linked visual
Missing_Image,1,看,Concept has no linked visual
Missing_Image,1,中文,Concept has no linked visual
Missing_Image,1,菜,Concept has no linked visual
Missing_Image,1,还是,Concept has no linked visual
Missing_Image,1,比,Concept has no linked visual
Missing_Image,1,怎么,Concept has no linked visual
Missing_Image,1,今天,Concept has no linked visual
Missing_Image,1,孩子,Concept has no linked visual
Missing_Image,1,知道,Concept has no linked visual
Missing_Image,1,妈妈,Concept has no linked visual
Missing_Image,1,还,Concept has no linked visual
Missing_Image,1,给,Concept has no linked visual
Missing_Image,1,中国,Concept has no linked visual
Missing_Image,1,人,Concept has no linked visual
Missing_Image,1,时候,Concept has no linked visual
Missing_Image,1,老师,Concept has no linked visual
Missing_Image,1,会,Concept has no linked visual
Missing_Image,1,到,Concept has no linked visual
Missing_Image,1,多,Concept has no linked visual
Missing_Image,1,好,Concept has no linked visual
Missing_Image,1,跟,Concept has no linked visual
Missing_Image,1,工作,Concept has no linked visual
Missing_Image,1,他们,Concept has no linked visual
Missing_Image,1,没有,Concept has no linked visual
Missing_Image,1,做,Concept has no linked visual
Missing_Image,1,想,Concept has no linked visual
Missing_Image,1,有,Concept has no linked visual
Missing_Image,1,什么,Concept has no linked visual
Missing_Image,1,说,Concept has no linked visual
Missing_Image,1,来,Concept has no linked visual
Missing_Image,1,也,Concept has no linked visual
Missing_Image,1,吃,Concept has no linked visual
Missing_Image,1,喜欢,Concept has no linked visual
Missing_Image,1,就,Concept has no linked visual
Missing_Image,1,没,Concept has no linked visual
Missing_Image,1,你们,Concept has no linked visual
Missing_Image,1,吧,Concept has no linked visual
Missing_Image,1,要,Concept has no linked visual
Missing_Image,1,她,Concept has no linked visual
Missing_Image,1,很,Concept has no linked visual
Missing_Image,1,去,Concept has no linked visual
Missing_Image,1,在,Concept has no linked visual
Missing_Image,1,是,Concept has no linked visual
Missing_Image,1,不,Concept has no linked visual
Missing_Image,1,都,Concept has no linked visual
Missing_Image,1,我们,Concept has no linked visual
Missing_Image,1,吗,Concept has no linked visual
Missing_Image,1,他,Concept has no linked visual
Missing_Image,1,的,Concept has no linked visual
Missing_Image,1,你,Concept has no linked visual
Missing_Image,1,了,Concept has no linked visual
Missing_Image,1,我,Concept has no linked visual
Missing_Image,2,一共,Concept has no linked visual
Missing_Image,2,一生,Concept has no linked visual
Missing_Image,2,不一定,Concept has no linked visual
Missing_Image,2,不如,Concept has no linked visual
Missing_Image,2,不少,Concept has no linked visual
Missing_Image,2,不满,Concept has no linked visual
Missing_Image,2,东南,Concept has no linked visual
Missing_Image,2,东方,Concept has no linked visual
Missing_Image,2,中心,Concept has no linked visual
Missing_Image,2,主人,Concept has no linked visual
Missing_Image,2,主要,Concept has no linked visual
Missing_Image,2,举行,Concept has no linked visual
Missing_Image,2,也许,Concept has no linked visual
Missing_Image,2,云,Concept has no linked visual
Missing_Image,2,交,Concept has no linked visual
Missing_Image,2,交给,Concept has no linked visual
Missing_Image,2,人们,Concept has no linked visual
Missing_Image,2,人数,Concept has no linked visual
Missing_Image,2,亿,Concept has no linked visual
Missing_Image,2,从小,Concept has no linked visual
Missing_Image,2,以上,Concept has no linked visual
Missing_Image,2,以下,Concept has no linked visual
Missing_Image,2,份,Concept has no linked visual
Missing_Image,2,位,Concept has no linked visual
Missing_Image,2,住房,Concept has no linked visual
Missing_Image,2,住院,Concept has no linked visual
Missing_Image,2,体育,Concept has no linked visual
Missing_Image,2,作用,Concept has no linked visual
Missing_Image,2,使用,Concept has no linked visual
Missing_Image,2,例如,Concept has no linked visual
Missing_Image,2,例子,Concept has no linked visual
Missing_Image,2,信,Concept has no linked visual
Missing_Image,2,假,Concept has no linked visual
Missing_Image,2,做法,Concept has no linked visual
Missing_Image,2,停车,Concept has no linked visual
Missing_Image,2,克,Concept has no linked visual
Missing_Image,2,入口,Concept has no linked visual
Missing_Image,2,全部,Concept has no linked visual
Missing_Image,2,公平,Concept has no linked visual
Missing_Image,2,公斤,Concept has no linked visual
Missing_Image,2,公路,Concept has no linked visual
Missing_Image,2,公里,Concept has no linked visual
Missing_Image,2,其中,Concept has no linked visual
Missing_Image,2,养,Concept has no linked visual
Missing_Image,2,准确,Concept has no linked visual
Missing_Image,2,出现,Concept has no linked visual
Missing_Image,2,出租,Concept has no linked visual
Missing_Image,2,到处,Concept has no linked visual
Missing_Image,2,刻,Concept has no linked visual
Missing_Image,2,千,Concept has no linked visual
Missing_Image,2,单位,Concept has no linked visual
Missing_Image,2,卡,Concept has no linked visual
Missing_Image,2,参观,Concept has no linked visual
Missing_Image,2,发,Concept has no linked visual
Missing_Image,2,取,Concept has no linked visual
Missing_Image,2,取得,Concept has no linked visual
Missing_Image,2,受到,Concept has no linked visual
Missing_Image,2,变,Concept has no linked visual
Missing_Image,2,变成,Concept has no linked visual
Missing_Image,2,句,Concept has no linked visual
Missing_Image,2,叫作,Concept has no linked visual
Missing_Image,2,可怕,Concept has no linked visual
Missing_Image,2,同时,Concept has no linked visual
Missing_Image,2,同样,Concept has no linked visual
Missing_Image,2,名,Concept has no linked visual
Missing_Image,2,名称,Concept has no linked visual
Missing_Image,2,听讲,Concept has no linked visual
Missing_Image,2,吹,Concept has no linked visual
Missing_Image,2,周,Concept has no linked visual
Missing_Image,2,周年,Concept has no linked visual
Missing_Image,2,咱,Concept has no linked visual
Missing_Image,2,咱们,Concept has no linked visual
Missing_Image,2,响,Concept has no linked visual
Missing_Image,2,喊,Concept has no linked visual
Missing_Image,2,嘴,Concept has no linked visual
Missing_Image,2,国际,Concept has no linked visual
Missing_Image,2,地球,Concept has no linked visual
Missing_Image,2,场,Concept has no linked visual
Missing_Image,2,多数,Concept has no linked visual
Missing_Image,2,夜,Concept has no linked visual
Missing_Image,2,大多数,Concept has no linked visual
Missing_Image,2,大大,Concept has no linked visual
Missing_Image,2,大海,Concept has no linked visual
Missing_Image,2,大自然,Concept has no linked visual
Missing_Image,2,大部分,Concept has no linked visual
Missing_Image,2,大量,Concept has no linked visual
Missing_Image,2,太阳,Concept has no linked visual
Missing_Image,2,学期,Concept has no linked visual
Missing_Image,2,它们,Concept has no linked visual
Missing_Image,2,完全,Concept has no linked visual
Missing_Image,2,完成,Concept has no linked visual
Missing_Image,2,实在,Concept has no linked visual
Missing_Image,2,实际,Concept has no linked visual
Missing_Image,2,对面,Concept has no linked visual
Missing_Image,2,封,Concept has no linked visual
Missing_Image,2,小组,Concept has no linked visual
Missing_Image,2,小说,Concept has no linked visual
Missing_Image,2,少年,Concept has no linked visual
Missing_Image,2,少数,Concept has no linked visual
Missing_Image,2,层,Concept has no linked visual
Missing_Image,2,市,Concept has no linked visual
Missing_Image,2,带来,Concept has no linked visual
Missing_Image,2,帮助,Concept has no linked visual
Missing_Image,2,常见,Concept has no linked visual
Missing_Image,2,平,Concept has no linked visual
Missing_Image,2,广告,Concept has no linked visual
Missing_Image,2,座,Concept has no linked visual
Missing_Image,2,弄,Concept has no linked visual
Missing_Image,2,当时,Concept has no linked visual
Missing_Image,2,忽然,Concept has no linked visual
Missing_Image,2,急,Concept has no linked visual
Missing_Image,2,想起,Concept has no linked visual
Missing_Image,2,意见,Concept has no linked visual
Missing_Image,2,感到,Concept has no linked visual
Missing_Image,2,感谢,Concept has no linked visual
Missing_Image,2,懂得,Concept has no linked visual
Missing_Image,2,成,Concept has no linked visual
Missing_Image,2,成为,Concept has no linked visual
Missing_Image,2,或,Concept has no linked visual
Missing_Image,2,打工,Concept has no linked visual
Missing_Image,2,找出,Concept has no linked visual
Missing_Image,2,报名,Concept has no linked visual
Missing_Image,2,拉,Concept has no linked visual
Missing_Image,2,掉,Concept has no linked visual
Missing_Image,2,接下来,Concept has no linked visual
Missing_Image,2,接受,Concept has no linked visual
Missing_Image,2,推,Concept has no linked visual
Missing_Image,2,提,Concept has no linked visual
Missing_Image,2,提到,Concept has no linked visual
Missing_Image,2,收,Concept has no linked visual
Missing_Image,2,改,Concept has no linked visual
Missing_Image,2,教学,Concept has no linked visual
Missing_Image,2,教师,Concept has no linked visual
Missing_Image,2,教育,Concept has no linked visual
Missing_Image,2,数,Concept has no linked visual
Missing_Image,2,数字,Concept has no linked visual
Missing_Image,2,斤,Concept has no linked visual
Missing_Image,2,方向,Concept has no linked visual
Missing_Image,2,日子,Concept has no linked visual
Missing_Image,2,早晨,Concept has no linked visual
Missing_Image,2,普通,Concept has no linked visual
Missing_Image,2,有一点儿,Concept has no linked visual
Missing_Image,2,有点儿,Concept has no linked visual
Missing_Image,2,条,Concept has no linked visual
Missing_Image,2,校园,Concept has no linked visual
Missing_Image,2,校长,Concept has no linked visual
Missing_Image,2,样子,Concept has no linked visual
Missing_Image,2,正常,Concept has no linked visual
Missing_Image,2,段,Concept has no linked visual
Missing_Image,2,比如说,Concept has no linked visual
Missing_Image,2,气温,Concept has no linked visual
Missing_Image,2,永远,Concept has no linked visual
Missing_Image,2,求,Concept has no linked visual
Missing_Image,2,河,Concept has no linked visual
Missing_Image,2,油,Concept has no linked visual
Missing_Image,2,流,Concept has no linked visual
Missing_Image,2,流行,Concept has no linked visual
Missing_Image,2,海,Concept has no linked visual
Missing_Image,2,温度,Concept has no linked visual
Missing_Image,2,游客,Concept has no linked visual
Missing_Image,2,湖,Concept has no linked visual
Missing_Image,2,满,Concept has no linked visual
Missing_Image,2,灯,Concept has no linked visual
Missing_Image,2,点头,Concept has no linked visual
Missing_Image,2,照相,Concept has no linked visual
Missing_Image,2,片,Concept has no linked visual
Missing_Image,2,球场,Concept has no linked visual
Missing_Image,2,理想,Concept has no linked visual
Missing_Image,2,生,Concept has no linked visual
Missing_Image,2,画家,Concept has no linked visual
Missing_Image,2,留,Concept has no linked visual
Missing_Image,2,疼,Concept has no linked visual
Missing_Image,2,目的,Concept has no linked visual
Missing_Image,2,直接,Concept has no linked visual
Missing_Image,2,相同,Concept has no linked visual
Missing_Image,2,真正,Concept has no linked visual
Missing_Image,2,眼,Concept has no linked visual
Missing_Image,2,短,Concept has no linked visual
Missing_Image,2,碰,Concept has no linked visual
Missing_Image,2,碰到,Concept has no linked visual
Missing_Image,2,科,Concept has no linked visual
Missing_Image,2,科学,Concept has no linked visual
Missing_Image,2,科学家,Concept has no linked visual
Missing_Image,2,租,Concept has no linked visual
Missing_Image,2,称,Concept has no linked visual
Missing_Image,2,笔记,Concept has no linked visual
Missing_Image,2,等于,Concept has no linked visual
Missing_Image,2,答应,Concept has no linked visual
Missing_Image,2,篇,Concept has no linked visual
Missing_Image,2,米,Concept has no linked visual
Missing_Image,2,红,Concept has no linked visual
Missing_Image,2,级,Concept has no linked visual
Missing_Image,2,练,Concept has no linked visual
Missing_Image,2,组,Concept has no linked visual
Missing_Image,2,组成,Concept has no linked visual
Missing_Image,2,组长,Concept has no linked visual
Missing_Image,2,绿,Concept has no linked visual
Missing_Image,2,网,Concept has no linked visual
Missing_Image,2,老朋友,Concept has no linked visual
Missing_Image,2,背,Concept has no linked visual
Missing_Image,2,能够,Concept has no linked visual
Missing_Image,2,自由,Concept has no linked visual
Missing_Image,2,船,Concept has no linked visual
Missing_Image,2,节,Concept has no linked visual
Missing_Image,2,节目,Concept has no linked visual
Missing_Image,2,花园,Concept has no linked visual
Missing_Image,2,草,Concept has no linked visual
Missing_Image,2,蓝,Concept has no linked visual
Missing_Image,2,蛋,Concept has no linked visual
Missing_Image,2,行为,Concept has no linked visual
Missing_Image,2,行动,Concept has no linked visual
Missing_Image,2,街,Concept has no linked visual
Missing_Image,2,表,Concept has no linked visual
Missing_Image,2,装,Concept has no linked visual
Missing_Image,2,西北,Concept has no linked visual
Missing_Image,2,西南,Concept has no linked visual
Missing_Image,2,要求,Concept has no linked visual
Missing_Image,2,观点,Concept has no linked visual
Missing_Image,2,角,Concept has no linked visual
Missing_Image,2,角度,Concept has no linked visual
Missing_Image,2,计划,Concept has no linked visual
Missing_Image,2,讲,Concept has no linked visual
Missing_Image,2,讲话,Concept has no linked visual
Missing_Image,2,许多,Concept has no linked visual
Missing_Image,2,词典,Concept has no linked visual
Missing_Image,2,说明,Concept has no linked visual
Missing_Image,2,请求,Concept has no linked visual
Missing_Image,2,课堂,Concept has no linked visual
Missing_Image,2,超过,Concept has no linked visual
Missing_Image,2,越,Concept has no linked visual
Missing_Image,2,轻,Concept has no linked visual
Missing_Image,2,辆,Concept has no linked visual
Missing_Image,2,边,Concept has no linked visual
Missing_Image,2,进入,Concept has no linked visual
Missing_Image,2,进行,Concept has no linked visual
Missing_Image,2,选,Concept has no linked visual
Missing_Image,2,通,Concept has no linked visual
Missing_Image,2,道,Concept has no linked visual
Missing_Image,2,道路,Concept has no linked visual
Missing_Image,2,那时,Concept has no linked visual
Missing_Image,2,那样,Concept has no linked visual
Missing_Image,2,部分,Concept has no linked visual
Missing_Image,2,里头,Concept has no linked visual
Missing_Image,2,重复,Concept has no linked visual
Missing_Image,2,重新,Concept has no linked visual
Missing_Image,2,重点,Concept has no linked visual
Missing_Image,2,重视,Concept has no linked visual
Missing_Image,2,阴,Concept has no linked visual
Missing_Image,2,院,Concept has no linked visual
Missing_Image,2,院长,Concept has no linked visual
Missing_Image,2,随时,Concept has no linked visual
Missing_Image,2,难受,Concept has no linked visual
Missing_Image,2,难过,Concept has no linked visual
Missing_Image,2,雪,Concept has no linked visual
Missing_Image,2,青少年,Concept has no linked visual
Missing_Image,2,青年,Concept has no linked visual
Missing_Image,2,面前,Concept has no linked visual
Missing_Image,2,鞋,Concept has no linked visual
Missing_Image,2,题,Concept has no linked visual
Missing_Image,2,食物,Concept has no linked visual
Missing_Image,2,饱,Concept has no linked visual
Missing_Image,2,高中,Concept has no linked visual
Missing_Image,2,高级,Concept has no linked visual
Missing_Image,2,鸟,Concept has no linked visual
Missing_Image,2,鸡,Concept has no linked visual
Missing_Image,2,黑,Concept has no linked visual
Missing_Image,2,一点点,Concept has no linked visual
Missing_Image,2,万,Concept has no linked visual
Missing_Image,2,不同,Concept has no linked visual
Missing_Image,2,东北,Concept has no linked visual
Missing_Image,2,交通,Concept has no linked visual
Missing_Image,2,亮,Concept has no linked visual
Missing_Image,2,件,Concept has no linked visual
Missing_Image,2,但,Concept has no linked visual
Missing_Image,2,低,Concept has no linked visual
Missing_Image,2,作家,Concept has no linked visual
Missing_Image,2,倒,Concept has no linked visual
Missing_Image,2,停,Concept has no linked visual
Missing_Image,2,全,Concept has no linked visual
Missing_Image,2,全身,Concept has no linked visual
Missing_Image,2,凉,Concept has no linked visual
Missing_Image,2,出发,Concept has no linked visual
Missing_Image,2,分钟,Concept has no linked visual
Missing_Image,2,加,Concept has no linked visual
Missing_Image,2,加油,Concept has no linked visual
Missing_Image,2,北方,Concept has no linked visual
Missing_Image,2,十分,Concept has no linked visual
Missing_Image,2,原因,Concept has no linked visual
Missing_Image,2,友好,Concept has no linked visual
Missing_Image,2,商量,Concept has no linked visual
Missing_Image,2,喂,Concept has no linked visual
Missing_Image,2,墙,Concept has no linked visual
Missing_Image,2,多么,Concept has no linked visual
Missing_Image,2,大声,Concept has no linked visual
Missing_Image,2,头,Concept has no linked visual
Missing_Image,2,套,Concept has no linked visual
Missing_Image,2,好处,Concept has no linked visual
Missing_Image,2,好多,Concept has no linked visual
Missing_Image,2,安全,Concept has no linked visual
Missing_Image,2,家长,Concept has no linked visual
Missing_Image,2,广场,Concept has no linked visual
Missing_Image,2,度,Concept has no linked visual
Missing_Image,2,影响,Concept has no linked visual
Missing_Image,2,心情,Concept has no linked visual
Missing_Image,2,态度,Concept has no linked visual
Missing_Image,2,感动,Concept has no linked visual
Missing_Image,2,感觉,Concept has no linked visual
Missing_Image,2,成绩,Concept has no linked visual
Missing_Image,2,换,Concept has no linked visual
Missing_Image,2,排,Concept has no linked visual
Missing_Image,2,接着,Concept has no linked visual
Missing_Image,2,提出,Concept has no linked visual
Missing_Image,2,改变,Concept has no linked visual
Missing_Image,2,放心,Concept has no linked visual
Missing_Image,2,故意,Concept has no linked visual
Missing_Image,2,新闻,Concept has no linked visual
Missing_Image,2,方法,Concept has no linked visual
Missing_Image,2,旅游,Concept has no linked visual
Missing_Image,2,晴,Concept has no linked visual
Missing_Image,2,服务,Concept has no linked visual
Missing_Image,2,查,Concept has no linked visual
Missing_Image,2,检查,Concept has no linked visual
Missing_Image,2,欢迎,Concept has no linked visual
Missing_Image,2,比如,Concept has no linked visual
Missing_Image,2,气,Concept has no linked visual
Missing_Image,2,熟,Concept has no linked visual
Missing_Image,2,爬,Concept has no linked visual
Missing_Image,2,瓶,Concept has no linked visual
Missing_Image,2,生词,Concept has no linked visual
Missing_Image,2,看法,Concept has no linked visual
Missing_Image,2,眼睛,Concept has no linked visual
Missing_Image,2,脚,Concept has no linked visual
Missing_Image,2,脸,Concept has no linked visual
Missing_Image,2,腿,Concept has no linked visual
Missing_Image,2,草地,Concept has no linked visual
Missing_Image,2,西方,Concept has no linked visual
Missing_Image,2,见到,Concept has no linked visual
Missing_Image,2,认为,Concept has no linked visual
Missing_Image,2,该,Concept has no linked visual
Missing_Image,2,语言,Concept has no linked visual
Missing_Image,2,近,Concept has no linked visual
Missing_Image,2,遍,Concept has no linked visual
Missing_Image,2,银行,Concept has no linked visual
Missing_Image,2,长,Concept has no linked visual
Missing_Image,2,闻,Concept has no linked visual
Missing_Image,2,随便,Concept has no linked visual
Missing_Image,2,靠,Concept has no linked visual
Missing_Image,2,顾客,Concept has no linked visual
Missing_Image,2,颜色,Concept has no linked visual
Missing_Image,2,骑,Concept has no linked visual
Missing_Image,2,鱼,Concept has no linked visual
Missing_Image,2,黄,Concept has no linked visual
Missing_Image,2,不行,Concept has no linked visual
Missing_Image,2,举,Concept has no linked visual
Missing_Image,2,习惯,Concept has no linked visual
Missing_Image,2,借,Concept has no linked visual
Missing_Image,2,健康,Concept has no linked visual
Missing_Image,2,可能,Concept has no linked visual
Missing_Image,2,回国,Concept has no linked visual
Missing_Image,2,大人,Concept has no linked visual
Missing_Image,2,大小,Concept has no linked visual
Missing_Image,2,实现,Concept has no linked visual
Missing_Image,2,家庭,Concept has no linked visual
Missing_Image,2,小时候,Concept has no linked visual
Missing_Image,2,必须,Concept has no linked visual
Missing_Image,2,愿意,Concept has no linked visual
Missing_Image,2,所以,Concept has no linked visual
Missing_Image,2,接,Concept has no linked visual
Missing_Image,2,教室,Concept has no linked visual
Missing_Image,2,机会,Concept has no linked visual
Missing_Image,2,热情,Concept has no linked visual
Missing_Image,2,然后,Concept has no linked visual
Missing_Image,2,特别,Concept has no linked visual
Missing_Image,2,画,Concept has no linked visual
Missing_Image,2,省,Concept has no linked visual
Missing_Image,2,碗,Concept has no linked visual
Missing_Image,2,空气,Concept has no linked visual
Missing_Image,2,笔,Concept has no linked visual
Missing_Image,2,纸,Concept has no linked visual
Missing_Image,2,经理,Concept has no linked visual
Missing_Image,2,药,Concept has no linked visual
Missing_Image,2,讨论,Concept has no linked visual
Missing_Image,2,身边,Concept has no linked visual
Missing_Image,2,队,Concept has no linked visual
Missing_Image,2,面,Concept has no linked visual
Missing_Image,2,音乐,Concept has no linked visual
Missing_Image,2,其他,Concept has no linked visual
Missing_Image,2,出国,Concept has no linked visual
Missing_Image,2,出生,Concept has no linked visual
Missing_Image,2,办,Concept has no linked visual
Missing_Image,2,占,Concept has no linked visual
Missing_Image,2,味道,Concept has no linked visual
Missing_Image,2,声音,Concept has no linked visual
Missing_Image,2,够,Concept has no linked visual
Missing_Image,2,它,Concept has no linked visual
Missing_Image,2,快乐,Concept has no linked visual
Missing_Image,2,怕,Concept has no linked visual
Missing_Image,2,想到,Concept has no linked visual
Missing_Image,2,报纸,Concept has no linked visual
Missing_Image,2,提高,Concept has no linked visual
Missing_Image,2,收入,Concept has no linked visual
Missing_Image,2,故事,Concept has no linked visual
Missing_Image,2,最近,Concept has no linked visual
Missing_Image,2,满意,Concept has no linked visual
Missing_Image,2,狗,Concept has no linked visual
Missing_Image,2,猫,Concept has no linked visual
Missing_Image,2,过去,Concept has no linked visual
Missing_Image,2,酒店,Concept has no linked visual
Missing_Image,2,长大,Concept has no linked visual
Missing_Image,2,顺利,Concept has no linked visual
Missing_Image,2,一般,Concept has no linked visual
Missing_Image,2,以外,Concept has no linked visual
Missing_Image,2,公园,Concept has no linked visual
Missing_Image,2,动物,Concept has no linked visual
Missing_Image,2,卖,Concept has no linked visual
Missing_Image,2,同事,Concept has no linked visual
Missing_Image,2,太太,Concept has no linked visual
Missing_Image,2,安静,Concept has no linked visual
Missing_Image,2,实习,Concept has no linked visual
Missing_Image,2,客人,Concept has no linked visual
Missing_Image,2,往,Concept has no linked visual
Missing_Image,2,想法,Concept has no linked visual
Missing_Image,2,打算,Concept has no linked visual
Missing_Image,2,明星,Concept has no linked visual
Missing_Image,2,活动,Concept has no linked visual
Missing_Image,2,清楚,Concept has no linked visual
Missing_Image,2,照片,Concept has no linked visual
Missing_Image,2,生活,Concept has no linked visual
Missing_Image,2,离开,Concept has no linked visual
Missing_Image,2,脏,Concept has no linked visual
Missing_Image,2,过年,Concept has no linked visual
Missing_Image,2,不太,Concept has no linked visual
Missing_Image,2,人口,Concept has no linked visual
Missing_Image,2,刚刚,Concept has no linked visual
Missing_Image,2,发现,Concept has no linked visual
Missing_Image,2,只要,Concept has no linked visual
Missing_Image,2,小心,Concept has no linked visual
Missing_Image,2,年轻,Concept has no linked visual
Missing_Image,2,当,Concept has no linked visual
Missing_Image,2,意思,Concept has no linked visual
Missing_Image,2,方面,Concept has no linked visual
Missing_Image,2,旅行,Concept has no linked visual
Missing_Image,2,不好意思,Concept has no linked visual
Missing_Image,2,出门,Concept has no linked visual
Missing_Image,2,姓,Concept has no linked visual
Missing_Image,2,店,Concept has no linked visual
Missing_Image,2,开心,Concept has no linked visual
Missing_Image,2,懂,Concept has no linked visual
Missing_Image,2,等到,Concept has no linked visual
Missing_Image,2,算,Concept has no linked visual
Missing_Image,2,而且,Concept has no linked visual
Missing_Image,2,酒,Concept has no linked visual
Missing_Image,2,一定,Concept has no linked visual
Missing_Image,2,刚,Concept has no linked visual
Missing_Image,2,努力,Concept has no linked visual
Missing_Image,2,因为,Concept has no linked visual
Missing_Image,2,头发,Concept has no linked visual
Missing_Image,2,洗澡,Concept has no linked visual
Missing_Image,2,相信,Concept has no linked visual
Missing_Image,2,词,Concept has no linked visual
Missing_Image,2,过来,Concept has no linked visual
Missing_Image,2,运动,Concept has no linked visual
Missing_Image,2,事情,Concept has no linked visual
Missing_Image,2,便宜,Concept has no linked visual
Missing_Image,2,办公室,Concept has no linked visual
Missing_Image,2,只,Concept has no linked visual
Missing_Image,2,可爱,Concept has no linked visual
Missing_Image,2,向,Concept has no linked visual
Missing_Image,2,礼物,Concept has no linked visual
Missing_Image,2,老是,Concept has no linked visual
Missing_Image,2,不错,Concept has no linked visual
Missing_Image,2,参加,Concept has no linked visual
Missing_Image,2,哭,Concept has no linked visual
Missing_Image,2,经过,Concept has no linked visual
Missing_Image,2,舒服,Concept has no linked visual
Missing_Image,2,英文,Concept has no linked visual
Missing_Image,2,不但,Concept has no linked visual
Missing_Image,2,为,Concept has no linked visual
Missing_Image,2,为什么,Concept has no linked visual
Missing_Image,2,后来,Concept has no linked visual
Missing_Image,2,挺,Concept has no linked visual
Missing_Image,2,来自,Concept has no linked visual
Missing_Image,2,正好,Concept has no linked visual
Missing_Image,2,经常,Concept has no linked visual
Missing_Image,2,不过,Concept has no linked visual
Missing_Image,2,以为,Concept has no linked visual
Missing_Image,2,像,Concept has no linked visual
Missing_Image,2,虽然,Concept has no linked visual
Missing_Image,2,办法,Concept has no linked visual
Missing_Image,2,好像,Concept has no linked visual
Missing_Image,2,带,Concept has no linked visual
Missing_Image,2,所有,Concept has no linked visual
Missing_Image,2,越来越,Concept has no linked visual
Missing_Image,2,方便,Concept has no linked visual
Missing_Image,2,或者,Concept has no linked visual
Missing_Image,2,的话,Concept has no linked visual
Missing_Image,2,结果,Concept has no linked visual
Missing_Image,2,自己,Concept has no linked visual
Missing_Image,2,原来,Concept has no linked visual
Missing_Image,2,可是,Concept has no linked visual
Missing_Image,2,离,Concept has no linked visual
Missing_Image,2,如果,Concept has no linked visual
Missing_Image,2,让,Concept has no linked visual
Missing_Image,2,通过,Concept has no linked visual
Missing_Image,2,漂亮,Concept has no linked visual
Missing_Image,2,周末,Concept has no linked visual
Missing_Image,2,一直,Concept has no linked visual
Missing_Image,2,啊,Concept has no linked visual
Missing_Image,2,大家,Concept has no linked visual
Missing_Image,2,差不多,Concept has no linked visual
Missing_Image,2,完,Concept has no linked visual
Missing_Image,2,更,Concept has no linked visual
Missing_Image,2,这样,Concept has no linked visual
Missing_Image,2,以前,Concept has no linked visual
Missing_Image,2,但是,Concept has no linked visual
Missing_Image,2,应该,Concept has no linked visual
Missing_Image,2,这么,Concept has no linked visual
Missing_Image,2,那么,Concept has no linked visual
Missing_Image,2,问题,Concept has no linked visual
Missing_Image,2,才,Concept has no linked visual
Missing_Image,2,又,Concept has no linked visual
Missing_Image,2,以后,Concept has no linked visual
Missing_Image,2,得,Concept has no linked visual
Missing_Image,2,已经,Concept has no linked visual
Missing_Image,2,不要,Concept has no linked visual
Missing_Image,2,公司,Concept has no linked visual
Missing_Image,2,可以,Concept has no linked visual
Missing_Image,3,一切,Concept has no linked visual
Missing_Image,3,上升,Concept has no linked visual
Missing_Image,3,上面,Concept has no linked visual
Missing_Image,3,下来,Concept has no linked visual
Missing_Image,3,不仅,Concept has no linked visual
Missing_Image,3,不光,Concept has no linked visual
Missing_Image,3,不得不,Concept has no linked visual
Missing_Image,3,不必,Concept has no linked visual
Missing_Image,3,不断,Concept has no linked visual
Missing_Image,3,不论,Concept has no linked visual
Missing_Image,3,专门,Concept has no linked visual
Missing_Image,3,专题,Concept has no linked visual
Missing_Image,3,个人,Concept has no linked visual
Missing_Image,3,个性,Concept has no linked visual
Missing_Image,3,中华民族,Concept has no linked visual
Missing_Image,3,丰富,Concept has no linked visual
Missing_Image,3,主任,Concept has no linked visual
Missing_Image,3,主动,Concept has no linked visual
Missing_Image,3,主张,Concept has no linked visual
Missing_Image,3,主持,Concept has no linked visual
Missing_Image,3,举办,Concept has no linked visual
Missing_Image,3,久,Concept has no linked visual
Missing_Image,3,乐,Concept has no linked visual
Missing_Image,3,乐观,Concept has no linked visual
Missing_Image,3,乱,Concept has no linked visual
Missing_Image,3,争,Concept has no linked visual
Missing_Image,3,争取,Concept has no linked visual
Missing_Image,3,事件,Concept has no linked visual
Missing_Image,3,事实,Concept has no linked visual
Missing_Image,3,交往,Concept has no linked visual
Missing_Image,3,产生,Concept has no linked visual
Missing_Image,3,亲,Concept has no linked visual
Missing_Image,3,亲自,Concept has no linked visual
Missing_Image,3,人员,Concept has no linked visual
Missing_Image,3,人才,Concept has no linked visual
Missing_Image,3,人民,Concept has no linked visual
Missing_Image,3,人民币,Concept has no linked visual
Missing_Image,3,人生,Concept has no linked visual
Missing_Image,3,仅,Concept has no linked visual
Missing_Image,3,仅仅,Concept has no linked visual
Missing_Image,3,仍,Concept has no linked visual
Missing_Image,3,仍然,Concept has no linked visual
Missing_Image,3,代,Concept has no linked visual
Missing_Image,3,代表,Concept has no linked visual
Missing_Image,3,价值,Concept has no linked visual
Missing_Image,3,任,Concept has no linked visual
Missing_Image,3,任何,Concept has no linked visual
Missing_Image,3,任务,Concept has no linked visual
Missing_Image,3,优点,Concept has no linked visual
Missing_Image,3,会员,Concept has no linked visual
Missing_Image,3,伟大,Concept has no linked visual
Missing_Image,3,传,Concept has no linked visual
Missing_Image,3,传播,Concept has no linked visual
Missing_Image,3,伤,Concept has no linked visual
Missing_Image,3,伤心,Concept has no linked visual
Missing_Image,3,体会,Concept has no linked visual
Missing_Image,3,作者,Concept has no linked visual
Missing_Image,3,保,Concept has no linked visual
Missing_Image,3,保持,Concept has no linked visual
Missing_Image,3,保留,Concept has no linked visual
Missing_Image,3,保证,Concept has no linked visual
Missing_Image,3,保险,Concept has no linked visual
Missing_Image,3,修改,Concept has no linked visual
Missing_Image,3,值,Concept has no linked visual
Missing_Image,3,停止,Concept has no linked visual
Missing_Image,3,充满,Concept has no linked visual
Missing_Image,3,先进,Concept has no linked visual
Missing_Image,3,光,Concept has no linked visual
Missing_Image,3,全球,Concept has no linked visual
Missing_Image,3,全面,Concept has no linked visual
Missing_Image,3,公共,Concept has no linked visual
Missing_Image,3,公布,Concept has no linked visual
Missing_Image,3,共同,Concept has no linked visual
Missing_Image,3,共有,Concept has no linked visual
Missing_Image,3,其实,Concept has no linked visual
Missing_Image,3,其次,Concept has no linked visual
Missing_Image,3,具体,Concept has no linked visual
Missing_Image,3,具有,Concept has no linked visual
Missing_Image,3,内,Concept has no linked visual
Missing_Image,3,农业,Concept has no linked visual
Missing_Image,3,农民,Concept has no linked visual
Missing_Image,3,决心,Concept has no linked visual
Missing_Image,3,决赛,Concept has no linked visual
Missing_Image,3,准,Concept has no linked visual
Missing_Image,3,刀,Concept has no linked visual
Missing_Image,3,分别,Concept has no linked visual
Missing_Image,3,分组,Concept has no linked visual
Missing_Image,3,分配,Concept has no linked visual
Missing_Image,3,创作,Concept has no linked visual
Missing_Image,3,创造,Concept has no linked visual
Missing_Image,3,初,Concept has no linked visual
Missing_Image,3,初中,Concept has no linked visual
Missing_Image,3,初步,Concept has no linked visual
Missing_Image,3,判断,Concept has no linked visual
Missing_Image,3,制度,Concept has no linked visual
Missing_Image,3,制造,Concept has no linked visual
Missing_Image,3,前后,Concept has no linked visual
Missing_Image,3,前往,Concept has no linked visual
Missing_Image,3,前面,Concept has no linked visual
Missing_Image,3,剧场,Concept has no linked visual
Missing_Image,3,力,Concept has no linked visual
Missing_Image,3,力量,Concept has no linked visual
Missing_Image,3,办理,Concept has no linked visual
Missing_Image,3,功课,Concept has no linked visual
Missing_Image,3,加工,Concept has no linked visual
Missing_Image,3,加强,Concept has no linked visual
Missing_Image,3,化,Concept has no linked visual
Missing_Image,3,北部,Concept has no linked visual
Missing_Image,3,区,Concept has no linked visual
Missing_Image,3,千万,Concept has no linked visual
Missing_Image,3,升,Concept has no linked visual
Missing_Image,3,华人,Concept has no linked visual
Missing_Image,3,单元,Concept has no linked visual
Missing_Image,3,南部,Concept has no linked visual
Missing_Image,3,卫生,Concept has no linked visual
Missing_Image,3,印象,Concept has no linked visual
Missing_Image,3,危害,Concept has no linked visual
Missing_Image,3,危险,Concept has no linked visual
Missing_Image,3,厂,Concept has no linked visual
Missing_Image,3,压,Concept has no linked visual
Missing_Image,3,及时,Concept has no linked visual
Missing_Image,3,反应,Concept has no linked visual
Missing_Image,3,反正,Concept has no linked visual
Missing_Image,3,发出,Concept has no linked visual
Missing_Image,3,发表,Concept has no linked visual
Missing_Image,3,发言,Concept has no linked visual
Missing_Image,3,发送,Concept has no linked visual
Missing_Image,3,受,Concept has no linked visual
Missing_Image,3,变为,Concept has no linked visual
Missing_Image,3,古,Concept has no linked visual
Missing_Image,3,只好,Concept has no linked visual
Missing_Image,3,台,Concept has no linked visual
Missing_Image,3,各,Concept has no linked visual
Missing_Image,3,各自,Concept has no linked visual
Missing_Image,3,合,Concept has no linked visual
Missing_Image,3,后果,Concept has no linked visual
Missing_Image,3,否认,Concept has no linked visual
Missing_Image,3,员,Concept has no linked visual
Missing_Image,3,周围,Concept has no linked visual
Missing_Image,3,命运,Concept has no linked visual
Missing_Image,3,和平,Concept has no linked visual
Missing_Image,3,哈哈,Concept has no linked visual
Missing_Image,3,商业,Concept has no linked visual
Missing_Image,3,商品,Concept has no linked visual
Missing_Image,3,因此,Concept has no linked visual
Missing_Image,3,团,Concept has no linked visual
Missing_Image,3,团体,Concept has no linked visual
Missing_Image,3,困,Concept has no linked visual
Missing_Image,3,围,Concept has no linked visual
Missing_Image,3,国内,Concept has no linked visual
Missing_Image,3,图,Concept has no linked visual
Missing_Image,3,图画,Concept has no linked visual
Missing_Image,3,土,Concept has no linked visual
Missing_Image,3,地区,Concept has no linked visual
Missing_Image,3,场所,Concept has no linked visual
Missing_Image,3,城,Concept has no linked visual
Missing_Image,3,基本,Concept has no linked visual
Missing_Image,3,基础,Concept has no linked visual
Missing_Image,3,增长,Concept has no linked visual
Missing_Image,3,外交,Concept has no linked visual
Missing_Image,3,大概,Concept has no linked visual
Missing_Image,3,大约,Concept has no linked visual
Missing_Image,3,天空,Concept has no linked visual
Missing_Image,3,女子,Concept has no linked visual
Missing_Image,3,如何,Concept has no linked visual
Missing_Image,3,始终,Concept has no linked visual
Missing_Image,3,媒体,Concept has no linked visual
Missing_Image,3,子女,Concept has no linked visual
Missing_Image,3,存,Concept has no linked visual
Missing_Image,3,存在,Concept has no linked visual
Missing_Image,3,完整,Concept has no linked visual
Missing_Image,3,定期,Concept has no linked visual
Missing_Image,3,实力,Concept has no linked visual
Missing_Image,3,实验,Concept has no linked visual
Missing_Image,3,实验室,Concept has no linked visual
Missing_Image,3,客观,Concept has no linked visual
Missing_Image,3,宣布,Concept has no linked visual
Missing_Image,3,室,Concept has no linked visual
Missing_Image,3,家乡,Concept has no linked visual
Missing_Image,3,富,Concept has no linked visual
Missing_Image,3,对方,Concept has no linked visual
Missing_Image,3,对象,Concept has no linked visual
Missing_Image,3,导演,Concept has no linked visual
Missing_Image,3,将近,Concept has no linked visual
Missing_Image,3,尽量,Concept has no linked visual
Missing_Image,3,屋子,Concept has no linked visual
Missing_Image,3,展开,Concept has no linked visual
Missing_Image,3,属于,Concept has no linked visual
Missing_Image,3,工业,Concept has no linked visual
Missing_Image,3,工具,Concept has no linked visual
Missing_Image,3,工厂,Concept has no linked visual
Missing_Image,3,巧,Concept has no linked visual
Missing_Image,3,已,Concept has no linked visual
Missing_Image,3,布,Concept has no linked visual
Missing_Image,3,带动,Concept has no linked visual
Missing_Image,3,带领,Concept has no linked visual
Missing_Image,3,年代,Concept has no linked visual
Missing_Image,3,年初,Concept has no linked visual
Missing_Image,3,年纪,Concept has no linked visual
Missing_Image,3,并,Concept has no linked visual
Missing_Image,3,并且,Concept has no linked visual
Missing_Image,3,幸福,Concept has no linked visual
Missing_Image,3,广大,Concept has no linked visual
Missing_Image,3,广播,Concept has no linked visual
Missing_Image,3,应当,Concept has no linked visual
Missing_Image,3,建,Concept has no linked visual
Missing_Image,3,建成,Concept has no linked visual
Missing_Image,3,建立,Concept has no linked visual
Missing_Image,3,建设,Concept has no linked visual
Missing_Image,3,开发,Concept has no linked visual
Missing_Image,3,开放,Concept has no linked visual
Missing_Image,3,张,Concept has no linked visual
Missing_Image,3,强,Concept has no linked visual
Missing_Image,3,强烈,Concept has no linked visual
Missing_Image,3,强调,Concept has no linked visual
Missing_Image,3,当中,Concept has no linked visual
Missing_Image,3,录,Concept has no linked visual
Missing_Image,3,录音,Concept has no linked visual
Missing_Image,3,形成,Concept has no linked visual
Missing_Image,3,彩色,Concept has no linked visual
Missing_Image,3,往往,Concept has no linked visual
Missing_Image,3,心,Concept has no linked visual
Missing_Image,3,必然,Concept has no linked visual
Missing_Image,3,志愿,Concept has no linked visual
Missing_Image,3,快速,Concept has no linked visual
Missing_Image,3,念,Concept has no linked visual
Missing_Image,3,思想,Concept has no linked visual
Missing_Image,3,性,Concept has no linked visual
Missing_Image,3,总,Concept has no linked visual
Missing_Image,3,恐怕,Concept has no linked visual
Missing_Image,3,情感,Concept has no linked visual
Missing_Image,3,意外,Concept has no linked visual
Missing_Image,3,感受,Concept has no linked visual
Missing_Image,3,感情,Concept has no linked visual
Missing_Image,3,成员,Concept has no linked visual
Missing_Image,3,成就,Concept has no linked visual
Missing_Image,3,成果,Concept has no linked visual
Missing_Image,3,成长,Concept has no linked visual
Missing_Image,3,房屋,Concept has no linked visual
Missing_Image,3,所,Concept has no linked visual
Missing_Image,3,所长,Concept has no linked visual
Missing_Image,3,打破,Concept has no linked visual
Missing_Image,3,批评,Concept has no linked visual
Missing_Image,3,报,Concept has no linked visual
Missing_Image,3,持续,Concept has no linked visual
Missing_Image,3,挂,Concept has no linked visual
Missing_Image,3,指,Concept has no linked visual
Missing_Image,3,指出,Concept has no linked visual
Missing_Image,3,按,Concept has no linked visual
Missing_Image,3,按照,Concept has no linked visual
Missing_Image,3,据说,Concept has no linked visual
Missing_Image,3,排名,Concept has no linked visual
Missing_Image,3,接待,Concept has no linked visual
Missing_Image,3,接近,Concept has no linked visual
Missing_Image,3,推动,Concept has no linked visual
Missing_Image,3,推进,Concept has no linked visual
Missing_Image,3,支,Concept has no linked visual
Missing_Image,3,收费,Concept has no linked visual
Missing_Image,3,改进,Concept has no linked visual
Missing_Image,3,改造,Concept has no linked visual
Missing_Image,3,故乡,Concept has no linked visual
Missing_Image,3,效果,Concept has no linked visual
Missing_Image,3,救,Concept has no linked visual
Missing_Image,3,教材,Concept has no linked visual
Missing_Image,3,教练,Concept has no linked visual
Missing_Image,3,敢,Concept has no linked visual
Missing_Image,3,散步,Concept has no linked visual
Missing_Image,3,数量,Concept has no linked visual
Missing_Image,3,整,Concept has no linked visual
Missing_Image,3,整体,Concept has no linked visual
Missing_Image,3,整整,Concept has no linked visual
Missing_Image,3,整理,Concept has no linked visual
Missing_Image,3,文字,Concept has no linked visual
Missing_Image,3,文明,Concept has no linked visual
Missing_Image,3,断,Concept has no linked visual
Missing_Image,3,旅馆,Concept has no linked visual
Missing_Image,3,早已,Concept has no linked visual
Missing_Image,3,时代,Concept has no linked visual
Missing_Image,3,明显,Concept has no linked visual
Missing_Image,3,明确,Concept has no linked visual
Missing_Image,3,显得,Concept has no linked visual
Missing_Image,3,显然,Concept has no linked visual
Missing_Image,3,显示,Concept has no linked visual
Missing_Image,3,普遍,Concept has no linked visual
Missing_Image,3,更加,Concept has no linked visual
Missing_Image,3,曾经,Concept has no linked visual
Missing_Image,3,有利,Concept has no linked visual
Missing_Image,3,有效,Concept has no linked visual
Missing_Image,3,朝,Concept has no linked visual
Missing_Image,3,期,Concept has no linked visual
Missing_Image,3,本来,Concept has no linked visual
Missing_Image,3,杂志,Concept has no linked visual
Missing_Image,3,村,Concept has no linked visual
Missing_Image,3,束,Concept has no linked visual
Missing_Image,3,板,Concept has no linked visual
Missing_Image,3,果然,Concept has no linked visual
Missing_Image,3,架,Concept has no linked visual
Missing_Image,3,某,Concept has no linked visual
Missing_Image,3,标准,Concept has no linked visual
Missing_Image,3,根本,Concept has no linked visual
Missing_Image,3,歌手,Concept has no linked visual
Missing_Image,3,步,Concept has no linked visual
Missing_Image,3,母亲,Concept has no linked visual
Missing_Image,3,每,Concept has no linked visual
Missing_Image,3,比例,Concept has no linked visual
Missing_Image,3,气候,Concept has no linked visual
Missing_Image,3,注意,Concept has no linked visual
Missing_Image,3,活,Concept has no linked visual
Missing_Image,3,派,Concept has no linked visual
Missing_Image,3,消失,Concept has no linked visual
Missing_Image,3,消费,Concept has no linked visual
Missing_Image,3,深,Concept has no linked visual
Missing_Image,3,深入,Concept has no linked visual
Missing_Image,3,温暖,Concept has no linked visual
Missing_Image,3,游,Concept has no linked visual
Missing_Image,3,满足,Concept has no linked visual
Missing_Image,3,演,Concept has no linked visual
Missing_Image,3,演出,Concept has no linked visual
Missing_Image,3,火,Concept has no linked visual
Missing_Image,3,烟,Concept has no linked visual
Missing_Image,3,热爱,Concept has no linked visual
Missing_Image,3,照,Concept has no linked visual
Missing_Image,3,父亲,Concept has no linked visual
Missing_Image,3,牛,Concept has no linked visual
Missing_Image,3,特色,Concept has no linked visual
Missing_Image,3,状况,Concept has no linked visual
Missing_Image,3,状态,Concept has no linked visual
Missing_Image,3,玩具,Concept has no linked visual
Missing_Image,3,环,Concept has no linked visual
Missing_Image,3,现代,Concept has no linked visual
Missing_Image,3,现代化,Concept has no linked visual
Missing_Image,3,现场,Concept has no linked visual
Missing_Image,3,现象,Concept has no linked visual
Missing_Image,3,现金,Concept has no linked visual
Missing_Image,3,球迷,Concept has no linked visual
Missing_Image,3,理发,Concept has no linked visual
Missing_Image,3,理由,Concept has no linked visual
Missing_Image,3,理论,Concept has no linked visual
Missing_Image,3,生产,Concept has no linked visual
Missing_Image,3,生命,Concept has no linked visual
Missing_Image,3,生存,Concept has no linked visual
Missing_Image,3,生意,Concept has no linked visual
Missing_Image,3,生长,Concept has no linked visual
Missing_Image,3,由,Concept has no linked visual
Missing_Image,3,由于,Concept has no linked visual
Missing_Image,3,电子邮件,Concept has no linked visual
Missing_Image,3,男子,Concept has no linked visual
Missing_Image,3,留学,Concept has no linked visual
Missing_Image,3,痛,Concept has no linked visual
Missing_Image,3,皮,Concept has no linked visual
Missing_Image,3,皮包,Concept has no linked visual
Missing_Image,3,目前,Concept has no linked visual
Missing_Image,3,直,Concept has no linked visual
Missing_Image,3,相互,Concept has no linked visual
Missing_Image,3,相关,Concept has no linked visual
Missing_Image,3,相当,Concept has no linked visual
Missing_Image,3,相比,Concept has no linked visual
Missing_Image,3,真实,Concept has no linked visual
Missing_Image,3,眼前,Concept has no linked visual
Missing_Image,3,石油,Concept has no linked visual
Missing_Image,3,破,Concept has no linked visual
Missing_Image,3,破坏,Concept has no linked visual
Missing_Image,3,确保,Concept has no linked visual
Missing_Image,3,确实,Concept has no linked visual
Missing_Image,3,祝,Concept has no linked visual
Missing_Image,3,票价,Concept has no linked visual
Missing_Image,3,福,Concept has no linked visual
Missing_Image,3,种子,Concept has no linked visual
Missing_Image,3,积极,Concept has no linked visual
Missing_Image,3,称为,Concept has no linked visual
Missing_Image,3,程度,Concept has no linked visual
Missing_Image,3,空,Concept has no linked visual
Missing_Image,3,突出,Concept has no linked visual
Missing_Image,3,突然,Concept has no linked visual
Missing_Image,3,立刻,Concept has no linked visual
Missing_Image,3,等待,Concept has no linked visual
Missing_Image,3,简直,Concept has no linked visual
Missing_Image,3,类,Concept has no linked visual
Missing_Image,3,类似,Concept has no linked visual
Missing_Image,3,糖,Concept has no linked visual
Missing_Image,3,系,Concept has no linked visual
Missing_Image,3,紧,Concept has no linked visual
Missing_Image,3,紧急,Concept has no linked visual
Missing_Image,3,纪录,Concept has no linked visual
Missing_Image,3,纪念,Concept has no linked visual
Missing_Image,3,线,Concept has no linked visual
Missing_Image,3,经历,Concept has no linked visual
Missing_Image,3,经营,Concept has no linked visual
Missing_Image,3,结实,Concept has no linked visual
Missing_Image,3,绝对,Concept has no linked visual
Missing_Image,3,缺,Concept has no linked visual
Missing_Image,3,缺少,Concept has no linked visual
Missing_Image,3,羊,Concept has no linked visual
Missing_Image,3,美,Concept has no linked visual
Missing_Image,3,美丽,Concept has no linked visual
Missing_Image,3,美元,Concept has no linked visual
Missing_Image,3,美好,Concept has no linked visual
Missing_Image,3,群,Concept has no linked visual
Missing_Image,3,者,Concept has no linked visual
Missing_Image,3,职业,Concept has no linked visual
Missing_Image,3,联合,Concept has no linked visual
Missing_Image,3,胜,Concept has no linked visual
Missing_Image,3,能力,Concept has no linked visual
Missing_Image,3,自从,Concept has no linked visual
Missing_Image,3,自觉,Concept has no linked visual
Missing_Image,3,自身,Concept has no linked visual
Missing_Image,3,至今,Concept has no linked visual
Missing_Image,3,至少,Concept has no linked visual
Missing_Image,3,艺术,Concept has no linked visual
Missing_Image,3,节约,Concept has no linked visual
Missing_Image,3,范围,Concept has no linked visual
Missing_Image,3,落后,Concept has no linked visual
Missing_Image,3,血,Concept has no linked visual
Missing_Image,3,补,Concept has no linked visual
Missing_Image,3,补充,Concept has no linked visual
Missing_Image,3,表明,Concept has no linked visual
Missing_Image,3,表演,Concept has no linked visual
Missing_Image,3,表达,Concept has no linked visual
Missing_Image,3,表面,Concept has no linked visual
Missing_Image,3,裤子,Concept has no linked visual
Missing_Image,3,要是,Concept has no linked visual
Missing_Image,3,观察,Concept has no linked visual
Missing_Image,3,观念,Concept has no linked visual
Missing_Image,3,规定,Concept has no linked visual
Missing_Image,3,计算,Concept has no linked visual
Missing_Image,3,订,Concept has no linked visual
Missing_Image,3,认得,Concept has no linked visual
Missing_Image,3,训练,Concept has no linked visual
Missing_Image,3,记录,Concept has no linked visual
Missing_Image,3,记者,Concept has no linked visual
Missing_Image,3,设备,Concept has no linked visual
Missing_Image,3,访问,Concept has no linked visual
Missing_Image,3,证,Concept has no linked visual
Missing_Image,3,证据,Concept has no linked visual
Missing_Image,3,证明,Concept has no linked visual
Missing_Image,3,评价,Concept has no linked visual
Missing_Image,3,读者,Concept has no linked visual
Missing_Image,3,课程,Concept has no linked visual
Missing_Image,3,调,Concept has no linked visual
Missing_Image,3,调整,Concept has no linked visual
Missing_Image,3,谈话,Concept has no linked visual
Missing_Image,3,费,Concept has no linked visual
Missing_Image,3,费用,Concept has no linked visual
Missing_Image,3,资格,Concept has no linked visual
Missing_Image,3,资金,Concept has no linked visual
Missing_Image,3,赶,Concept has no linked visual
Missing_Image,3,赶到,Concept has no linked visual
Missing_Image,3,赶快,Concept has no linked visual
Missing_Image,3,赶紧,Concept has no linked visual
Missing_Image,3,超级,Concept has no linked visual
Missing_Image,3,足够,Concept has no linked visual
Missing_Image,3,路线,Concept has no linked visual
Missing_Image,3,跳舞,Concept has no linked visual
Missing_Image,3,身份证,Concept has no linked visual
Missing_Image,3,转,Concept has no linked visual
Missing_Image,3,转变,Concept has no linked visual
Missing_Image,3,较,Concept has no linked visual
Missing_Image,3,达到,Concept has no linked visual
Missing_Image,3,近期,Concept has no linked visual
Missing_Image,3,进一步,Concept has no linked visual
Missing_Image,3,进展,Concept has no linked visual
Missing_Image,3,连续,Concept has no linked visual
Missing_Image,3,迷,Concept has no linked visual
Missing_Image,3,追,Concept has no linked visual
Missing_Image,3,退,Concept has no linked visual
Missing_Image,3,退出,Concept has no linked visual
Missing_Image,3,适应,Concept has no linked visual
Missing_Image,3,适用,Concept has no linked visual
Missing_Image,3,通信,Concept has no linked visual
Missing_Image,3,造,Concept has no linked visual
Missing_Image,3,造成,Concept has no linked visual
Missing_Image,3,部门,Concept has no linked visual
Missing_Image,3,配,Concept has no linked visual
Missing_Image,3,配合,Concept has no linked visual
Missing_Image,3,采取,Concept has no linked visual
Missing_Image,3,采用,Concept has no linked visual
Missing_Image,3,重大,Concept has no linked visual
Missing_Image,3,金,Concept has no linked visual
Missing_Image,3,钟,Concept has no linked visual
Missing_Image,3,铁,Concept has no linked visual
Missing_Image,3,银,Concept has no linked visual
Missing_Image,3,长期,Concept has no linked visual
Missing_Image,3,防,Concept has no linked visual
Missing_Image,3,防止,Concept has no linked visual
Missing_Image,3,阳光,Concept has no linked visual
Missing_Image,3,随,Concept has no linked visual
Missing_Image,3,难道,Concept has no linked visual
Missing_Image,3,集体,Concept has no linked visual
Missing_Image,3,需求,Concept has no linked visual
Missing_Image,3,静,Concept has no linked visual
Missing_Image,3,面对,Concept has no linked visual
Missing_Image,3,面积,Concept has no linked visual
Missing_Image,3,顿,Concept has no linked visual
Missing_Image,3,预报,Concept has no linked visual
Missing_Image,3,预计,Concept has no linked visual
Missing_Image,3,预防,Concept has no linked visual
Missing_Image,3,领,Concept has no linked visual
Missing_Image,3,领先,Concept has no linked visual
Missing_Image,3,飞行,Concept has no linked visual
Missing_Image,3,首先,Concept has no linked visual
Missing_Image,3,香,Concept has no linked visual
Missing_Image,3,马,Concept has no linked visual
Missing_Image,3,龙,Concept has no linked visual
Missing_Image,3,下面,Concept has no linked visual
Missing_Image,3,专家,Concept has no linked visual
Missing_Image,3,世界,Concept has no linked visual
Missing_Image,3,世纪,Concept has no linked visual
Missing_Image,3,事业,Concept has no linked visual
Missing_Image,3,人类,Concept has no linked visual
Missing_Image,3,付,Concept has no linked visual
Missing_Image,3,作品,Concept has no linked visual
Missing_Image,3,关系,Concept has no linked visual
Missing_Image,3,内容,Concept has no linked visual
Missing_Image,3,农村,Concept has no linked visual
Missing_Image,3,创业,Concept has no linked visual
Missing_Image,3,利用,Concept has no linked visual
Missing_Image,3,到底,Concept has no linked visual
Missing_Image,3,功能,Concept has no linked visual
Missing_Image,3,双,Concept has no linked visual
Missing_Image,3,双方,Concept has no linked visual
Missing_Image,3,变化,Concept has no linked visual
Missing_Image,3,合作,Concept has no linked visual
Missing_Image,3,合理,Concept has no linked visual
Missing_Image,3,后面,Concept has no linked visual
Missing_Image,3,坚持,Concept has no linked visual
Missing_Image,3,处理,Concept has no linked visual
Missing_Image,3,失去,Concept has no linked visual
Missing_Image,3,好奇,Concept has no linked visual
Missing_Image,3,姑娘,Concept has no linked visual
Missing_Image,3,就业,Concept has no linked visual
Missing_Image,3,市场,Concept has no linked visual
Missing_Image,3,庆祝,Concept has no linked visual
Missing_Image,3,当地,Concept has no linked visual
Missing_Image,3,当然,Concept has no linked visual
Missing_Image,3,性格,Concept has no linked visual
Missing_Image,3,意义,Concept has no linked visual
Missing_Image,3,成立,Concept has no linked visual
Missing_Image,3,抓,Concept has no linked visual
Missing_Image,3,推广,Concept has no linked visual
Missing_Image,3,支付,Concept has no linked visual
Missing_Image,3,文学,Concept has no linked visual
Missing_Image,3,文章,Concept has no linked visual
Missing_Image,3,方式,Concept has no linked visual
Missing_Image,3,机器,Concept has no linked visual
Missing_Image,3,桥,Concept has no linked visual
Missing_Image,3,猪,Concept has no linked visual
Missing_Image,3,环保,Concept has no linked visual
Missing_Image,3,甜,Concept has no linked visual
Missing_Image,3,目标,Concept has no linked visual
Missing_Image,3,社会,Concept has no linked visual
Missing_Image,3,种,Concept has no linked visual
Missing_Image,3,科技,Concept has no linked visual
Missing_Image,3,简单,Concept has no linked visual
Missing_Image,3,管理,Concept has no linked visual
Missing_Image,3,精神,Concept has no linked visual
Missing_Image,3,约,Concept has no linked visual
Missing_Image,3,经济,Concept has no linked visual
Missing_Image,3,美食,Concept has no linked visual
Missing_Image,3,联合国,Concept has no linked visual
Missing_Image,3,自然,Concept has no linked visual
Missing_Image,3,观众,Concept has no linked visual
Missing_Image,3,设计,Concept has no linked visual
Missing_Image,3,请教,Concept has no linked visual
Missing_Image,3,责任,Concept has no linked visual
Missing_Image,3,跳,Concept has no linked visual
Missing_Image,3,过程,Concept has no linked visual
Missing_Image,3,进步,Concept has no linked visual
Missing_Image,3,退休,Concept has no linked visual
Missing_Image,3,通常,Concept has no linked visual
Missing_Image,3,速度,Concept has no linked visual
Missing_Image,3,部,Concept has no linked visual
Missing_Image,3,上去,Concept has no linked visual
Missing_Image,3,优势,Concept has no linked visual
Missing_Image,3,使,Concept has no linked visual
Missing_Image,3,保存,Concept has no linked visual
Missing_Image,3,关注,Concept has no linked visual
Missing_Image,3,压力,Concept has no linked visual
Missing_Image,3,只是,Concept has no linked visual
Missing_Image,3,吵,Concept has no linked visual
Missing_Image,3,困难,Concept has no linked visual
Missing_Image,3,增加,Concept has no linked visual
Missing_Image,3,复杂,Concept has no linked visual
Missing_Image,3,奇怪,Concept has no linked visual
Missing_Image,3,情况,Concept has no linked visual
Missing_Image,3,慢慢,Concept has no linked visual
Missing_Image,3,技术,Concept has no linked visual
Missing_Image,3,拍,Concept has no linked visual
Missing_Image,3,提前,Concept has no linked visual
Missing_Image,3,比赛,Concept has no linked visual
Missing_Image,3,汤,Concept has no linked visual
Missing_Image,3,确定,Concept has no linked visual
Missing_Image,3,空调,Concept has no linked visual
Missing_Image,3,管,Concept has no linked visual
Missing_Image,3,紧张,Concept has no linked visual
Missing_Image,3,结束,Concept has no linked visual
Missing_Image,3,表现,Concept has no linked visual
Missing_Image,3,谈,Concept has no linked visual
Missing_Image,3,负责,Concept has no linked visual
Missing_Image,3,赢,Concept has no linked visual
Missing_Image,3,适合,Concept has no linked visual
Missing_Image,3,里面,Concept has no linked visual
Missing_Image,3,长城,Concept has no linked visual
Missing_Image,3,风险,Concept has no linked visual
Missing_Image,3,会议,Concept has no linked visual
Missing_Image,3,保护,Concept has no linked visual
Missing_Image,3,修,Concept has no linked visual
Missing_Image,3,发展,Concept has no linked visual
Missing_Image,3,发生,Concept has no linked visual
Missing_Image,3,成熟,Concept has no linked visual
Missing_Image,3,才能,Concept has no linked visual
Missing_Image,3,报告,Concept has no linked visual
Missing_Image,3,搬,Concept has no linked visual
Missing_Image,3,支持,Concept has no linked visual
Missing_Image,3,文化,Concept has no linked visual
Missing_Image,3,服务员,Concept has no linked visual
Missing_Image,3,正式,Concept has no linked visual
Missing_Image,3,环境,Concept has no linked visual
Missing_Image,3,继续,Concept has no linked visual
Missing_Image,3,调查,Concept has no linked visual
Missing_Image,3,价格,Concept has no linked visual
Missing_Image,3,决定,Concept has no linked visual
Missing_Image,3,另一方面,Concept has no linked visual
Missing_Image,3,吵架,Concept has no linked visual
Missing_Image,3,安排,Concept has no linked visual
Missing_Image,3,害怕,Concept has no linked visual
Missing_Image,3,希望,Concept has no linked visual
Missing_Image,3,建议,Concept has no linked visual
Missing_Image,3,旧,Concept has no linked visual
Missing_Image,3,离婚,Concept has no linked visual
Missing_Image,3,胖,Concept has no linked visual
Missing_Image,3,解决,Concept has no linked visual
Missing_Image,3,邮件,Concept has no linked visual
Missing_Image,3,以来,Concept has no linked visual
Missing_Image,3,城市,Concept has no linked visual
Missing_Image,3,好好,Concept has no linked visual
Missing_Image,3,成功,Concept has no linked visual
Missing_Image,3,游泳,Concept has no linked visual
Missing_Image,3,输,Concept has no linked visual
Missing_Image,3,需要,Concept has no linked visual
Missing_Image,3,只有,Concept has no linked visual
Missing_Image,3,经验,Concept has no linked visual
Missing_Image,3,警察,Concept has no linked visual
Missing_Image,3,同意,Concept has no linked visual
Missing_Image,3,外面,Concept has no linked visual
Missing_Image,3,为了,Concept has no linked visual
Missing_Image,3,互相,Concept has no linked visual
Missing_Image,3,员工,Concept has no linked visual
Missing_Image,3,干吗,Concept has no linked visual
Missing_Image,3,极了,Concept has no linked visual
Missing_Image,3,死,Concept has no linked visual
Missing_Image,3,下去,Concept has no linked visual
Missing_Image,3,容易,Concept has no linked visual
Missing_Image,3,时,Concept has no linked visual
Missing_Image,3,直到,Concept has no linked visual
Missing_Image,3,一方面,Concept has no linked visual
Missing_Image,3,比较,Concept has no linked visual
Missing_Image,3,除了,Concept has no linked visual
Missing_Image,3,看起来,Concept has no linked visual
Missing_Image,3,终于,Concept has no linked visual
Missing_Image,3,连,Concept has no linked visual
Missing_Image,3,从来,Concept has no linked visual
Missing_Image,3,另外,Concept has no linked visual
Missing_Image,3,总是,Concept has no linked visual
Missing_Image,3,开始,Concept has no linked visual
Missing_Image,3,就是,Concept has no linked visual
Missing_Image,3,父母,Concept has no linked visual
Missing_Image,3,结婚,Concept has no linked visual
Missing_Image,3,被,Concept has no linked visual
Missing_Image,3,把,Concept has no linked visual
Missing_Image,3,老板,Concept has no linked visual
